"","text","favorited","favoriteCount","replyToSN","created","truncated","replyToSID","id","replyToUID","statusSource","screenName","retweetCount","isRetweet","retweeted","longitude","latitude"
"1","RT @Kemlu_RI: #SahabatKemlu, berikut Perkembangan #COVID19 di Dunia &amp; Pelindungan WNI per 13/08 pkl 08.00 WIB. 

Tmbhan WNI terkonfirmasi C…",FALSE,0,NA,2020-08-13 04:12:54,FALSE,NA,"1293762430112346112",NA,"<a href=""http://www.echofon.com/"" rel=""nofollow"">Echofon</a>","indonesia_sk",11,TRUE,FALSE,NA,NA
"2","FORUM BHYANGKARA INDONESIA DPD BANTEN GELAR ACARS SERAH TERIMA SK DPC KOTA TANGERANG - FBI NEWS https://t.co/Z2oSduOgxN",FALSE,1,NA,2020-08-13 03:15:41,FALSE,NA,"1293748029527166978",NA,"<a href=""http://twitter.com/download/android"" rel=""nofollow"">Twitter for Android</a>","Fbinews7",0,FALSE,FALSE,NA,NA
"3","RT @prastow: @wadinug @reynold_prima @VeronicaKoman 5.3.1 Penerima Beasiswa yang telah menyelesaikan studi wajib melaporkan penyelesaian st…",FALSE,0,NA,2020-08-13 02:44:21,FALSE,NA,"1293740142541201408",NA,"<a href=""http://twitter.com/download/android"" rel=""nofollow"">Twitter for Android</a>","Itisjustatweet",3,TRUE,FALSE,NA,NA
"4","RT @prastow: @wadinug @reynold_prima @VeronicaKoman 5.3.1 Penerima Beasiswa yang telah menyelesaikan studi wajib melaporkan penyelesaian st…",FALSE,0,NA,2020-08-13 02:40:47,FALSE,NA,"1293739247426351104",NA,"<a href=""https://mobile.twitter.com"" rel=""nofollow"">Twitter Web App</a>","HMV5888",3,TRUE,FALSE,NA,NA
"5","RT @prastow: @wadinug @reynold_prima @VeronicaKoman 5.3.1 Penerima Beasiswa yang telah menyelesaikan studi wajib melaporkan penyelesaian st…",FALSE,0,NA,2020-08-13 02:39:51,FALSE,NA,"1293739010444029952",NA,"<a href=""http://twitter.com/download/iphone"" rel=""nofollow"">Twitter for iPhone</a>","sebuaandre",3,TRUE,FALSE,NA,NA
"6","@wadinug @reynold_prima @VeronicaKoman 5.3.1 Penerima Beasiswa yang telah menyelesaikan studi wajib melaporkan peny… https://t.co/h3PKBk1hKB",FALSE,14,"wadinug",2020-08-13 02:37:49,TRUE,"1293737662084345858","1293738498009133057","793368449644793856","<a href=""https://mobile.twitter.com"" rel=""nofollow"">Twitter Web App</a>","prastow",3,FALSE,FALSE,NA,NA
"7","RT @avec_moi_71: 3. Ramai diperdagangkan. Banyak investor yg memiliki dan memperdagangkan saham ini 
4. Saham dari perusahaan yang jadi mar…",FALSE,0,NA,2020-08-13 02:33:24,FALSE,NA,"1293737386199773185",NA,"<a href=""http://twitter.com/download/iphone"" rel=""nofollow"">Twitter for iPhone</a>","summerboys9900",0,TRUE,FALSE,NA,NA
"8","Alhamdulillah, per tanggal 10 Agustus 2020 MES telah terbentuk di Kabupaten Lombok Timur melalui Surat Keputusan Pe… https://t.co/pv1lgMrXyQ",FALSE,0,NA,2020-08-13 01:34:13,TRUE,NA,"1293722494851936256",NA,"<a href=""http://twitter.com/download/android"" rel=""nofollow"">Twitter for Android</a>","mes_indonesia",1,FALSE,FALSE,NA,NA
"9","RT @shookookkk: indonesia udh masuk fase end game pandemi, dmn tidak kuatnya sistem kesehatan yang mulai jatuh melawan penyebaran covid-19…",FALSE,0,NA,2020-08-13 01:00:53,FALSE,NA,"1293714105224724480",NA,"<a href=""http://twitter.com/download/android"" rel=""nofollow"">Twitter for Android</a>","rainhyun_sk",8895,TRUE,FALSE,NA,NA
"10","RT @Kemlu_RI: Pimpin sidang DK PBB (12/08), #MenluRetno tegaskan: 1. Bina damai hrs jadi bagian penanggulanan pandemi scr komprehensif; 2.…",FALSE,0,NA,2020-08-12 17:10:02,FALSE,NA,"1293595612118765569",NA,"<a href=""http://www.echofon.com/"" rel=""nofollow"">Echofon</a>","indonesia_sk",27,TRUE,FALSE,NA,NA
"11","@AlainSchmiidt @DefenderH312y @Nadjib_17 @ImamGho91329663 @RereSyafiq @dewo_lelono @6dias9 @NDiredja… https://t.co/VLKxvzrltp",FALSE,5,"AlainSchmiidt",2020-08-12 14:32:05,TRUE,"1293555671917445120","1293555861260926982","1263401572014292997","<a href=""http://twitter.com/download/android"" rel=""nofollow"">Twitter for Android</a>","BersamaSahabat4",0,FALSE,FALSE,NA,NA
"12","RT @BeritaPAN: Gibran Sambangi kediaman Ketua Umum @Official_PAN @ZUL_Hasan. Dapat SK dukungan dan wejangan penuh makna tentang anak muda d…",FALSE,0,NA,2020-08-12 14:16:35,FALSE,NA,"1293551963770990594",NA,"<a href=""http://twitter.com/download/iphone"" rel=""nofollow"">Twitter for iPhone</a>","zulhas_pan",1,TRUE,FALSE,NA,NA
"13","RT @DITJEN_PAS: Dalam kegiatan tersebut Reynhard menyerahkan SK Remisi Anak Nasional bagi 857 Anak di LPKA seluruh Indonesia, surat tanda k…",FALSE,0,NA,2020-08-12 14:15:51,FALSE,NA,"1293551777053200384",NA,"<a href=""http://twitter.com/download/android"" rel=""nofollow"">Twitter for Android</a>","Trihadiputra4",1,TRUE,FALSE,NA,NA
"14","Nah untuk prodi, SK mirip banget seperti di Indonesia, yaitu sudah memilih prodi sejak masuk. Adapun beberapa univ… https://t.co/goozfdoU72",FALSE,0,"cpmar611",2020-08-12 13:56:28,TRUE,"1293542612322758657","1293546901753618440","1187054158869721088","<a href=""https://mobile.twitter.com"" rel=""nofollow"">Twitter Web App</a>","cpmar611",0,FALSE,FALSE,NA,NA
"15","@SK_JiwonKim92 Senyum indonesia banget",FALSE,0,"SK_JiwonKim92",2020-08-12 13:41:40,FALSE,"1293529526996283392","1293543175412301826","1290279959550816259","<a href=""http://twitter.com/download/android"" rel=""nofollow"">Twitter for Android</a>","iGongYoo",0,FALSE,FALSE,NA,NA
"16","RT @Kemlu_RI: #SahabatKemlu, Jangan lupa bergabung pada webinar “The Future We Want, The UN We Need”, 13 Agustus 2020, Pukul 10.00. Ayo Daf…",FALSE,0,NA,2020-08-12 12:55:57,FALSE,NA,"1293531670331654145",NA,"<a href=""http://www.echofon.com/"" rel=""nofollow"">Echofon</a>","indonesia_sk",30,TRUE,FALSE,NA,NA
"17","Perkembangan Situasi terkait Sebaran Pandemi COVID-19 di Slowakia per tanggal 12/8/2020
.
Silakan menghubungi hotli… https://t.co/6uekPrIyM1",FALSE,0,NA,2020-08-12 11:42:39,TRUE,NA,"1293513223929561088",NA,"<a href=""http://www.echofon.com/"" rel=""nofollow"">Echofon</a>","indonesia_sk",0,FALSE,FALSE,NA,NA
"18","Suara Kebebasan - SK Radio Streaming Indonesia https://t.co/HzvvijUeiV",FALSE,0,NA,2020-08-12 11:29:31,FALSE,NA,"1293509917190402048",NA,"<a href=""http://twitter.com/download/android"" rel=""nofollow"">Twitter for Android</a>","HendriPM99",0,FALSE,FALSE,NA,NA
"19","Gibran Sambangi kediaman Ketua Umum @Official_PAN @ZUL_Hasan. Dapat SK dukungan dan wejangan penuh makna tentang an… https://t.co/0RiAKMwVGL",FALSE,0,NA,2020-08-12 10:37:18,TRUE,NA,"1293496777723670528",NA,"<a href=""http://twitter.com/download/android"" rel=""nofollow"">Twitter for Android</a>","BeritaPAN",1,FALSE,FALSE,NA,NA
"20","RT @imgoldenness: ""Akhirnya bisa rasain gimana rasanya Golden Child trending di Indonesia tanpa kita ngapa-ngapain.""

-Goldenness Indonesia…",FALSE,0,NA,2020-08-12 10:30:24,FALSE,NA,"1293495041621544960",NA,"<a href=""https://mobile.twitter.com"" rel=""nofollow"">Twitter Web App</a>","Sk_csrim",144,TRUE,FALSE,NA,NA
"21","Pertumbuhan ekonomi indonesia minus 5,32 % di kuartal II-2020,indonesia di ambang resesi.jika tidak segera diatasi,… https://t.co/RO8iEhXHyT",FALSE,1,NA,2020-08-12 10:23:23,TRUE,NA,"1293493277476286464",NA,"<a href=""http://twitter.com/download/android"" rel=""nofollow"">Twitter for Android</a>","_galang_sk",0,FALSE,FALSE,NA,NA
"22","penistaan, atau penodaan terhadap agama yang dianut di Indonesia
5. Menggunakan nama, lambang, bendera dkk gerakan… https://t.co/FcnStoGSn8",FALSE,5,"asus_sk",2020-08-12 09:41:51,TRUE,"1293482726410993665","1293482825430097920","710983638733742080","<a href=""http://twitter.com/download/android"" rel=""nofollow"">Twitter for Android</a>","asus_sk",2,FALSE,FALSE,NA,NA
"23","Ini bukti sk penggabungan Stie Indonesia Raya dengan Stkip Pancasakti menjadi Universitas https://t.co/Jfe2sFuQnB",FALSE,1,NA,2020-08-12 08:27:51,FALSE,NA,"1293464201533337606",NA,"<a href=""http://twitter.com/download/android"" rel=""nofollow"">Twitter for Android</a>","FlorentiusFlor1",0,FALSE,FALSE,NA,NA
"24","Ini sk penggabungan Stie Indonesia Raya dengan Stkip Pancasakti menjadi Universitas Pancasakti https://t.co/buEGGkLhMB",FALSE,1,NA,2020-08-12 07:20:07,FALSE,NA,"1293447155680546818",NA,"<a href=""http://twitter.com/download/android"" rel=""nofollow"">Twitter for Android</a>","FlorentiusFlor1",0,FALSE,FALSE,NA,NA
"25","Literasi orang Indonesia memang sangat rendah, even penerima beasiswa LPDP pun gabisa baca SK Beasiswa LPDP<U+0001F609> Shame on you.",FALSE,0,NA,2020-08-12 06:10:35,FALSE,NA,"1293429656008323072",NA,"<a href=""http://twitter.com/download/iphone"" rel=""nofollow"">Twitter for iPhone</a>","gausahkepoloe",0,FALSE,FALSE,NA,NA
"26","RT @Kemlu_RI: #SahabatKemlu, berikut Perkembangan #COVID19 di Dunia &amp; Pelindungan WNI per 12/08 pkl 08.00 WIB. 

Tambahan WNI terkonfirmasi…",FALSE,0,NA,2020-08-12 05:42:50,FALSE,NA,"1293422672647528448",NA,"<a href=""http://www.echofon.com/"" rel=""nofollow"">Echofon</a>","indonesia_sk",21,TRUE,FALSE,NA,NA
"27","https://t.co/4jjG5DqDxg Menurut putra Presiden kedua Indonesia Almarhum Soeharto ini, SK itu berbeda dengan SK Part… https://t.co/DUvaB4Jy53",FALSE,1,NA,2020-08-12 05:06:52,TRUE,NA,"1293413622195003392",NA,"<a href=""http://twitter.com/download/android"" rel=""nofollow"">Twitter for Android</a>","FighterC098",0,FALSE,FALSE,NA,NA
"28","@Pado_Sutan Dia jahatkan? Aku sk liat video gitu2, dia benci ke oak jokowi, oadahal pak jokowi udh baek krn udh kas… https://t.co/hnO2X2qNa3",FALSE,0,"Pado_Sutan",2020-08-12 04:42:01,TRUE,"1293406831092436995","1293407369406246913","155178219","<a href=""http://twitter.com/download/android"" rel=""nofollow"">Twitter for Android</a>","renzeb08",0,FALSE,FALSE,NA,NA
"29","Ini buktinya sk penggabungan Stie Indonesia raya dengan Stkip Pancasakti menjadi Universitas https://t.co/X0wnGuMkI3",FALSE,1,NA,2020-08-12 04:07:03,FALSE,NA,"1293398566203871233",NA,"<a href=""http://twitter.com/download/android"" rel=""nofollow"">Twitter for Android</a>","FlorentiusFlor1",0,FALSE,FALSE,NA,NA
"30","Ini sk penggabungan Stie Indonesia Raya dengan Stkip pancasakti menjadi Universitas https://t.co/3H9XZgGcda",FALSE,1,NA,2020-08-12 04:03:09,FALSE,NA,"1293397588540981248",NA,"<a href=""http://twitter.com/download/android"" rel=""nofollow"">Twitter for Android</a>","FlorentiusFlor1",0,FALSE,FALSE,NA,NA
"31","Ini sk penggabungan Stie Indonesia Raya dengan Stkip Pancasakti menjadi Universitas https://t.co/7cDa5PDiR9",FALSE,1,NA,2020-08-12 01:21:45,FALSE,NA,"1293356968736784385",NA,"<a href=""http://twitter.com/download/android"" rel=""nofollow"">Twitter for Android</a>","FlorentiusFlor1",0,FALSE,FALSE,NA,NA
"32","Ini sk penggabungan Stie Indonesia Raya dengan Stkip menjadi Universitas https://t.co/w86xeWS3TJ",FALSE,2,NA,2020-08-12 00:40:00,FALSE,NA,"1293346460847583232",NA,"<a href=""http://twitter.com/download/android"" rel=""nofollow"">Twitter for Android</a>","FlorentiusFlor1",0,FALSE,FALSE,NA,NA
"33","Ini sk penggabungan Stie Indonesia Raya dengan Stkip Pancasakti menjadi Universitas https://t.co/pPAtAsvoFG",FALSE,1,NA,2020-08-12 00:26:42,FALSE,NA,"1293343113860112384",NA,"<a href=""http://twitter.com/download/android"" rel=""nofollow"">Twitter for Android</a>","FlorentiusFlor1",0,FALSE,FALSE,NA,NA
"34","RT @ridwankamil: Keterharuan perwakilan para guru honorer Jawa Barat yang mendapatkan surat keputusan dari gubernur setelah lolos seleksi a…",FALSE,0,NA,2020-08-11 23:03:58,FALSE,NA,"1293322296426287104",NA,"<a href=""http://twitter.com/download/iphone"" rel=""nofollow"">Twitter for iPhone</a>","bilalsaratoga",354,TRUE,FALSE,NA,NA
"35","RT @yoseflaw: Keseluruhan proyek belajar ini saya rangkum dalam sebuah pos Medium berikut: https://t.co/CNPk1QRUsy",FALSE,0,NA,2020-08-11 22:07:24,FALSE,NA,"1293308058781720576",NA,"<a href=""http://twitter.com/download/iphone"" rel=""nofollow"">Twitter for iPhone</a>","okiriza",1,TRUE,FALSE,NA,NA
"36","Keseluruhan proyek belajar ini saya rangkum dalam sebuah pos Medium berikut: https://t.co/CNPk1QRUsy",FALSE,0,"yoseflaw",2020-08-11 16:54:36,FALSE,"1292944030335225857","1293229341539733505","113025571","<a href=""https://mobile.twitter.com"" rel=""nofollow"">Twitter Web App</a>","yoseflaw",1,FALSE,FALSE,NA,NA
"37","Unggahan status Facebook (FB) Ketua Persatuan Guru Republik Indonesia (PGRI) Kabupaten Jember, Supriyono pada 2 Agu… https://t.co/QZtvZDoDsi",FALSE,0,NA,2020-08-11 12:31:23,TRUE,NA,"1293163098451435522",NA,"<a href=""http://instagram.com"" rel=""nofollow"">Instagram</a>","kradiojember",0,FALSE,FALSE,NA,NA
"38","Ini sk penggabungan Stie Indonesia Raya dengan Stkip Pancasakti menjadi Universitas Pancasakti https://t.co/mEC9Qc7G5Z",FALSE,1,NA,2020-08-11 11:21:01,FALSE,NA,"1293145390242344960",NA,"<a href=""http://twitter.com/download/android"" rel=""nofollow"">Twitter for Android</a>","FlorentiusFlor1",0,FALSE,FALSE,NA,NA
"39","Perkembangan Situasi terkait Sebaran Pandemi COVID-19 di Slowakia per tanggal 11/8/2020
.
Silakan menghubungi hotli… https://t.co/id8lhnZQtO",FALSE,0,NA,2020-08-11 09:45:51,TRUE,NA,"1293121440485711872",NA,"<a href=""http://www.echofon.com/"" rel=""nofollow"">Echofon</a>","indonesia_sk",0,FALSE,FALSE,NA,NA
"40","Tiga Alumni Juara Piala AFF U-16 yang Dicoret dari Timnas Indonesia U-19

https://t.co/rQr0eiS0L9",FALSE,1,NA,2020-08-11 09:32:02,FALSE,NA,"1293117963847909377",NA,"<a href=""https://skor.id"" rel=""nofollow"">SKOR.ID</a>","skorindonesia",0,FALSE,FALSE,NA,NA
"41","@RPWAutobase_ bahasa indonesia, remed Ji kalau bahasa inggris:( ga pede",FALSE,0,"RPWAutobase_",2020-08-11 09:02:21,FALSE,"1293107625245020160","1293110493880578048","1524778772","<a href=""http://twitter.com/download/iphone"" rel=""nofollow"">Twitter for iPhone</a>","SK_JiwonKim92",0,FALSE,FALSE,NA,NA
"42","RT @Kemlu_RI: 2. Pameran foto menggambarkan kiprah kita sebagai anggota DK PBB.

Untuk #SahabatKemlu yg tidak melewati Stasiun MRT Bundaran…",FALSE,0,NA,2020-08-11 06:09:46,FALSE,NA,"1293067062991106048",NA,"<a href=""http://www.echofon.com/"" rel=""nofollow"">Echofon</a>","indonesia_sk",13,TRUE,FALSE,NA,NA
"43","RT @Kemlu_RI: 1. Hai #SahabatKemlu! Buat kamu yg kebetulan melewati Stasiun @MRTJakarta Bundaran HI apakah sudah lihat Pameran Foto mengena…",FALSE,0,NA,2020-08-11 06:09:40,FALSE,NA,"1293067036407496704",NA,"<a href=""http://www.echofon.com/"" rel=""nofollow"">Echofon</a>","indonesia_sk",62,TRUE,FALSE,NA,NA
"44","RT @KemensetnegRI: HUT ke-75 Kemerdekaan RI Momentum Kebangkitan Indonesia Maju

https://t.co/1H4RbX4UcH https://t.co/RgCczAHwEx",FALSE,0,NA,2020-08-11 06:09:18,FALSE,NA,"1293066947576438787",NA,"<a href=""http://www.echofon.com/"" rel=""nofollow"">Echofon</a>","indonesia_sk",5,TRUE,FALSE,NA,NA
"45","RT @KPK_RI: Semangat Pagi #KawanAksi 
Setelah meluncurkan Laporan Tahunan KPK 2019 yang disiarkan Live di Youtube KPK RI, #KawanAksi juga d…",FALSE,0,NA,2020-08-11 06:07:16,FALSE,NA,"1293066434503946240",NA,"<a href=""http://www.echofon.com/"" rel=""nofollow"">Echofon</a>","indonesia_sk",12,TRUE,FALSE,NA,NA
"46","RT @Kemlu_RI: #SahabatKemlu, berikut Perkembangan #COVID19 di Dunia &amp; Pelindungan WNI per 11/08 pkl 08.00 WIB. 

Tambahan WNI terkonfirmasi…",FALSE,0,NA,2020-08-11 06:06:39,FALSE,NA,"1293066277892829184",NA,"<a href=""http://www.echofon.com/"" rel=""nofollow"">Echofon</a>","indonesia_sk",18,TRUE,FALSE,NA,NA
"47","Ini sk penggabungan Stie Indonesia Raya dengan Stkip Pancasakti menjadi Universitas https://t.co/C4BsQObfSd",FALSE,1,NA,2020-08-11 06:03:49,FALSE,NA,"1293065566878482432",NA,"<a href=""http://twitter.com/download/android"" rel=""nofollow"">Twitter for Android</a>","FlorentiusFlor1",0,FALSE,FALSE,NA,NA
"48","@diddekarisma Arema indonesia po arema fc po arema cronus sam sk ulangtahun<U+270C>",FALSE,0,"diddekarisma",2020-08-11 05:33:34,FALSE,"1292871921889996800","1293057952362897408","3506855952","<a href=""http://twitter.com/download/android"" rel=""nofollow"">Twitter for Android</a>","HdMiftak",0,FALSE,FALSE,NA,NA
"49","<U+0001F4CC> 11 Agustus 1958
Perdana Menteri Indonesia, Ir. H. Djuanda, mengeluarkan SK No. 377/PM/1958 tentang berdirinya Akademi Ilmu Statistik.",FALSE,0,"alfinanurpiana",2020-08-11 04:49:04,FALSE,"1293046506694443008","1293046753998958592","1287384525719257088","<a href=""http://twitter.com/download/android"" rel=""nofollow"">Twitter for Android</a>","alfinanurpiana",0,FALSE,FALSE,NA,NA
"50","Penyerahan SK Jabatan Fungsional Akademik Dosen. Alhamdullilah AA semoga Berkah @ Semarang, Indonesia https://t.co/jJQ9SxGZrA",FALSE,0,NA,2020-08-11 03:25:03,FALSE,NA,"1293025609103233024",NA,"<a href=""http://instagram.com"" rel=""nofollow"">Instagram</a>","zul_pining",0,FALSE,FALSE,"110.417","-6.96667"
"51","RT @PMBreakingNews: Breaking: Mount Sinabung Volcano in Sumatra, Indonesia, has erupted.  https://t.co/j7oKA6nr0g",FALSE,0,NA,2020-08-10 19:31:49,FALSE,NA,"1292906517142867969",NA,"<a href=""http://twitter.com/download/android"" rel=""nofollow"">Twitter for Android</a>","SK_Venable",84716,TRUE,FALSE,NA,NA
"52","RT @PMBreakingNews: Breaking: Mount Sinabung Volcano in Sumatra, Indonesia, has erupted.  https://t.co/j7oKA6nr0g",FALSE,0,NA,2020-08-10 18:31:17,FALSE,NA,"1292891284470890500",NA,"<a href=""http://twitter.com/download/iphone"" rel=""nofollow"">Twitter for iPhone</a>","Named_SK",84716,TRUE,FALSE,NA,NA
"53","RT @PMBreakingNews: Breaking: Mount Sinabung Volcano in Sumatra, Indonesia, has erupted.  https://t.co/j7oKA6nr0g",FALSE,0,NA,2020-08-10 16:13:33,FALSE,NA,"1292856623875133441",NA,"<a href=""http://twitter.com/download/android"" rel=""nofollow"">Twitter for Android</a>","nella_sk",84716,TRUE,FALSE,NA,NA
"54","Dewan Pengurus Provinsi Asosiasi Perusahaan Klining Servis Indonesia (DPP APKLINDO) Lampung menerima Surat Keputusa… https://t.co/mRwdlW6ojV",FALSE,0,NA,2020-08-10 15:56:53,TRUE,NA,"1292852428526641152",NA,"<a href=""https://mobile.twitter.com"" rel=""nofollow"">Twitter Web App</a>","apklindocenter",0,FALSE,FALSE,NA,NA
"55","Martapura, Sriwijaya Terkini. co. Id-Ketua  Serikat Media Siber Indonesia (SMSI) Sumatera Selatan  (Sumsel),  Jon H… https://t.co/MuRmqNriEL",FALSE,0,NA,2020-08-10 15:21:48,TRUE,NA,"1292843599965503488",NA,"<a href=""http://twitter.com/download/android"" rel=""nofollow"">Twitter for Android</a>","sriwijayaterkin",0,FALSE,FALSE,NA,NA
"56","Perkembangan Situasi terkait Sebaran Pandemi COVID-19 di Slowakia per tanggal 10/8/2020
.
Silakan menghubungi hotli… https://t.co/J682SPyUNQ",FALSE,0,NA,2020-08-10 12:52:09,TRUE,NA,"1292805937837809666",NA,"<a href=""http://www.echofon.com/"" rel=""nofollow"">Echofon</a>","indonesia_sk",0,FALSE,FALSE,NA,NA
"57","VAIW72535 Maps Atlases - 150x225cm Indonesia Map Peta Pendidikan Sekolah Siswa Peta Dekorasi Kantor… https://t.co/k4kE99eELc",FALSE,0,NA,2020-08-10 12:30:26,TRUE,NA,"1292800474433945607",NA,"<a href=""https://ifttt.com"" rel=""nofollow"">IFTTT</a>","LawawaSupplies",0,FALSE,FALSE,NA,NA
"58","Ini sk penggabungan Stie Indonesia Raya dengan Stkip Pancasakti menjadi Universitas Pancasakti https://t.co/vINfFCe6Qq",FALSE,1,NA,2020-08-10 11:28:32,FALSE,NA,"1292784894527995904",NA,"<a href=""http://twitter.com/download/android"" rel=""nofollow"">Twitter for Android</a>","FlorentiusFlor1",0,FALSE,FALSE,NA,NA
"59","@saturnhwaa @bookimbab @yoonwonhao @Berlinike @Rizaldymilan @cacaanjayyy @tubirfess tapi gak kontribusi ke ekonomi… https://t.co/YfUnYyJwZX",FALSE,0,"saturnhwaa",2020-08-10 09:55:49,TRUE,"1292761300339052544","1292761561224773634","1170703224011026432","<a href=""https://mobile.twitter.com"" rel=""nofollow"">Twitter Web App</a>","paffloi",0,FALSE,FALSE,NA,NA
"60","#Kubu Tommy Ragukan SK Menkum HAM, Sekjen Berkarya Kubu Muchdi Sebut Tak Ambil Pusing | https://t.co/B4N2Sf8Rnd -… https://t.co/rNjPaCWjLV",FALSE,0,NA,2020-08-10 09:28:17,TRUE,NA,"1292754631790125057",NA,"<a href=""https://ifttt.com"" rel=""nofollow"">IFTTT</a>","Demokrasiq",0,FALSE,FALSE,NA,NA
"61","@txtdariHani @KeyOfUrHousee @tubirfess lo goblok kalo ngomong gitu

orang mau kekorea salah satunya kena hallyu gob… https://t.co/r4psUZVWMM",FALSE,0,"txtdariHani",2020-08-10 08:41:48,TRUE,"1292742516056285185","1292742936531091461","1040169603668660224","<a href=""https://mobile.twitter.com"" rel=""nofollow"">Twitter Web App</a>","paffloi",0,FALSE,FALSE,NA,NA
"62","@helowhodis @Berlinike @Rizaldymilan @cacaanjayyy @tubirfess gw ngomong kenyataan aja apakah 50 persen kpopers di I… https://t.co/9KP30TrL3R",FALSE,0,"helowhodis",2020-08-10 08:34:49,TRUE,"1292740974284660736","1292741179516190720","1098251900003078144","<a href=""https://mobile.twitter.com"" rel=""nofollow"">Twitter Web App</a>","paffloi",0,FALSE,FALSE,NA,NA
"63","@seblakbandoeng @Berlinike @Rizaldymilan @cacaanjayyy @tubirfess wajib buat yang halu dan gak bisa menerima kenyata… https://t.co/lPFcNybBtR",FALSE,0,"seblakbandoeng",2020-08-10 08:32:36,TRUE,"1292740340915421184","1292740622118338561","1106376473886126080","<a href=""https://mobile.twitter.com"" rel=""nofollow"">Twitter Web App</a>","paffloi",0,FALSE,FALSE,NA,NA
"64","RT @hidcom: Haedar menyebutkan, para pimpinan Muhammadiyah saat ini &amp; ke depan semakin dituntut kedalaman &amp; keluasan ilmumya dalam membawa…",FALSE,0,NA,2020-08-10 08:17:52,FALSE,NA,"1292736911748919296",NA,"<a href=""http://twitter.com/download/iphone"" rel=""nofollow"">Twitter for iPhone</a>","idinzainuddin",2,TRUE,FALSE,NA,NA
"65","@Berlinike @Rizaldymilan @cacaanjayyy @tubirfess berapa banyak dah imigrasi nyatet keluar negeri orang Indonesia ke… https://t.co/1Cx51IpKdz",FALSE,0,"Berlinike",2020-08-10 08:14:26,TRUE,"1292735652690145283","1292736049467154432","1004572223967920128","<a href=""https://mobile.twitter.com"" rel=""nofollow"">Twitter Web App</a>","paffloi",0,FALSE,FALSE,NA,NA
"66","@Berlinike @Rizaldymilan @cacaanjayyy @tubirfess gw ngelihat nyata yang begitu di bandara

mau lu sampe telanjang p… https://t.co/lQ1dNqLJu7",FALSE,0,"Berlinike",2020-08-10 08:05:50,TRUE,"1292733565726109697","1292733886334513155","1004572223967920128","<a href=""https://mobile.twitter.com"" rel=""nofollow"">Twitter Web App</a>","paffloi",0,FALSE,FALSE,NA,NA
"67","RT @hidcom: Haedar menyebutkan, para pimpinan Muhammadiyah saat ini &amp; ke depan semakin dituntut kedalaman &amp; keluasan ilmumya dalam membawa…",FALSE,0,NA,2020-08-10 06:04:00,FALSE,NA,"1292703225385062400",NA,"<a href=""https://mobile.twitter.com"" rel=""nofollow"">Twitter Web App</a>","indunissy_al",2,TRUE,FALSE,NA,NA
"68","RT @PMBreakingNews: Breaking: Mount Sinabung Volcano in Sumatra, Indonesia, has erupted.  https://t.co/j7oKA6nr0g",FALSE,0,NA,2020-08-10 05:59:43,FALSE,NA,"1292702147172159494",NA,"<a href=""https://mobile.twitter.com"" rel=""nofollow"">Twitter Web App</a>","sk_ut",84716,TRUE,FALSE,NA,NA
"69","Haedar menyebutkan, para pimpinan Muhammadiyah saat ini &amp; ke depan semakin dituntut kedalaman &amp; keluasan ilmumya da… https://t.co/IsbatgBP8e",FALSE,3,NA,2020-08-10 05:25:48,TRUE,NA,"1292693609855070211",NA,"<a href=""https://mobile.twitter.com"" rel=""nofollow"">Twitter Web App</a>","hidcom",2,FALSE,FALSE,NA,NA
"70","PSI MENANGKAN OLLY - STEVEN !

Penyerahan Surat Keputusan (SK) Partai Solidaritas Indonesia (PSI) oleh Ketua Umum G… https://t.co/Wu94ZneE0v",FALSE,0,NA,2020-08-10 05:04:58,TRUE,NA,"1292688366174175232",NA,"<a href=""http://instagram.com"" rel=""nofollow"">Instagram</a>","psi_mdc",0,FALSE,FALSE,NA,NA
"71","@langitm14233948 @nauval_yasar @drpriono @fkmui @univ_indonesia @BNPB_Indonesia jd, buat apa dong kalau Tim Pakar i… https://t.co/4eInjV8xqa",FALSE,1,"langitm14233948",2020-08-10 02:42:00,TRUE,"1292648522940968962","1292652390592651264","1118998685445050368","<a href=""http://twitter.com/download/android"" rel=""nofollow"">Twitter for Android</a>","ferdymad",0,FALSE,FALSE,NA,NA
"72","@HilmiSasra @astrienova_ @Lady_Zeebo Lama"" hilang ciri khas Indonesia nya dong...",FALSE,0,"HilmiSasra",2020-08-10 02:19:42,FALSE,"1292269938774667264","1292646775128338432","1239628207361380359","<a href=""http://twitter.com/download/android"" rel=""nofollow"">Twitter for Android</a>","didie_sk",0,FALSE,FALSE,NA,NA
"73","@txtfesss Halo kak tae ini ais fans-mu dri negara Indonesia ais pengen ke SK tpi ga punya duit beliin tiket dong ka… https://t.co/TAFP4F6Pfo",FALSE,0,"txtfesss",2020-08-10 00:44:38,TRUE,"1292605353377456130","1292622851938217984","1211767657109671941","<a href=""http://twitter.com/download/android"" rel=""nofollow"">Twitter for Android</a>","gyme_tea",0,FALSE,FALSE,NA,NA
"74","@BersamaSahabat4 @Nadjib_17 @AgoesAguss @namakuICT @ShanteeShu @Bun4dl4n @DefenderH312y @AbidahMuthi @Iyink7… https://t.co/t0ePOt4G1u",FALSE,2,"BersamaSahabat4",2020-08-09 23:50:59,TRUE,"1292396800830132224","1292609349202800640","1283615933374664710","<a href=""https://mobile.twitter.com"" rel=""nofollow"">Twitter Web App</a>","Bimasen51315323",0,FALSE,FALSE,NA,NA
"75","Ini sk penggabungan Stie Indonesia Raya dengan Stkip pancasakti menjadi Universitas https://t.co/YDcm4E6aL9",FALSE,1,NA,2020-08-09 23:45:47,FALSE,NA,"1292608043465621505",NA,"<a href=""http://twitter.com/download/android"" rel=""nofollow"">Twitter for Android</a>","FlorentiusFlor1",0,FALSE,FALSE,NA,NA
"76","Ini sk penggabungan Stie Indonesia Raya dengan Stkip pancasakti menjadi Universitas https://t.co/sDljXvymhp",FALSE,1,NA,2020-08-09 21:58:40,FALSE,NA,"1292581087743418368",NA,"<a href=""http://twitter.com/download/android"" rel=""nofollow"">Twitter for Android</a>","FlorentiusFlor1",0,FALSE,FALSE,NA,NA
"77","Ini sk penggabungan Stie Indonesia Raya dengan Stkip Pancasakti menjadi Universitas https://t.co/nj1Uy5MfmJ",FALSE,1,NA,2020-08-09 21:42:56,FALSE,NA,"1292577128303616001",NA,"<a href=""http://twitter.com/download/android"" rel=""nofollow"">Twitter for Android</a>","FlorentiusFlor1",0,FALSE,FALSE,NA,NA
"78","RT @teamperayaid: <U+2B55><U+FE0F> UPDATE Pos Donasi Indonesia
- Per 09/08/2020 (IDR)

» BCA: 7,614,000
» Jenius: 1,470,500

Total: 9,084,500
===========…",FALSE,0,NA,2020-08-09 16:14:30,FALSE,NA,"1292494474677850112",NA,"<a href=""http://twitter.com/download/android"" rel=""nofollow"">Twitter for Android</a>","SK__PRY",83,TRUE,FALSE,NA,NA
"79","Ini sk penggabungan Stie Indonesia Raya dengan Stkip pancasakti menjadi Universitas https://t.co/iWsbFKhWdb",FALSE,1,NA,2020-08-09 14:34:32,FALSE,NA,"1292469314063196161",NA,"<a href=""http://twitter.com/download/android"" rel=""nofollow"">Twitter for Android</a>","FlorentiusFlor1",0,FALSE,FALSE,NA,NA
"80","Perkembangan Situasi terkait Sebaran Pandemi COVID-19 di Slowakia per tanggal 9/8/2020
.
Silakan menghubungi hotlin… https://t.co/W3jGgtMDlW",FALSE,0,NA,2020-08-09 11:34:11,TRUE,NA,"1292423930909786118",NA,"<a href=""http://www.echofon.com/"" rel=""nofollow"">Echofon</a>","indonesia_sk",0,FALSE,FALSE,NA,NA
"81","@feriamsari Wah, syukurlah Malaysia belajar dari Indonesia bg. Ikut bangga. Btw, babang ganteng ga baca buku tentan… https://t.co/K4fljkjiGj",FALSE,0,"feriamsari",2020-08-09 10:27:12,TRUE,"1292404391551492100","1292407074521939976","99728171","<a href=""http://twitter.com/download/android"" rel=""nofollow"">Twitter for Android</a>","wendiharjupa",0,FALSE,FALSE,NA,NA
"82","Ini sk penggabungan Stie Indonesia raya dengan Stkip Pancasakti menjadi Universitas https://t.co/yXbojBDGVA",FALSE,1,NA,2020-08-09 09:55:29,FALSE,NA,"1292399091108818944",NA,"<a href=""http://twitter.com/download/android"" rel=""nofollow"">Twitter for Android</a>","FlorentiusFlor1",0,FALSE,FALSE,NA,NA
"83","Ini sk penggabungan Stie Indonesia Raya dengan Stkip Pancasakti menjadi Universitas https://t.co/HCkra4dsS6",FALSE,1,NA,2020-08-09 09:53:17,FALSE,NA,"1292398537657835520",NA,"<a href=""http://twitter.com/download/android"" rel=""nofollow"">Twitter for Android</a>","FlorentiusFlor1",0,FALSE,FALSE,NA,NA
"84","Ini penggabungan sk Stie Indonesia Raya dengan Stkip Pancasakti menjadi Universitas https://t.co/3ka6zTd5E3",FALSE,1,NA,2020-08-09 09:47:13,FALSE,NA,"1292397011929448448",NA,"<a href=""http://twitter.com/download/android"" rel=""nofollow"">Twitter for Android</a>","FlorentiusFlor1",0,FALSE,FALSE,NA,NA
"85","aku baru tau https://t.co/DGrTwk1I0T tuh punya orang indonesia, kayaknya juga harus coba buka cabang di sk",FALSE,0,"atinaikhsani",2020-08-09 06:22:17,FALSE,"1292345278889000961","1292345437660180480","462667139","<a href=""https://mobile.twitter.com"" rel=""nofollow"">Twitter Web App</a>","atinaikhsani",0,FALSE,FALSE,NA,NA
"86","Ini sk penggabungan Stie Indonesia Raya dengan Stkip Pancasakti menjadi universitas https://t.co/vhYN4pwHhi",FALSE,1,NA,2020-08-09 04:56:18,FALSE,NA,"1292323799732375552",NA,"<a href=""http://twitter.com/download/android"" rel=""nofollow"">Twitter for Android</a>","FlorentiusFlor1",0,FALSE,FALSE,NA,NA
"87","Ini sk penggabungan Stie Indonesia Raya dengan Stkip pancasakti menjadi Universitas https://t.co/YNDZk22bnT",FALSE,1,NA,2020-08-09 04:49:32,FALSE,NA,"1292322094928130050",NA,"<a href=""http://twitter.com/download/android"" rel=""nofollow"">Twitter for Android</a>","FlorentiusFlor1",0,FALSE,FALSE,NA,NA
"88","Ini sk penggabungan Stie Indonesia Raya dengan Stkip pancasakti menjadi Universitas https://t.co/N4GIrHO2hp",FALSE,2,NA,2020-08-09 04:19:51,FALSE,NA,"1292314625464086529",NA,"<a href=""http://twitter.com/download/android"" rel=""nofollow"">Twitter for Android</a>","FlorentiusFlor1",0,FALSE,FALSE,NA,NA
"89","RT @Kemlu_RI: #SahabatKemlu, berikut Perkembangan #COVID19 di Dunia &amp; Pelindungan WNI per 09/08 pkl 08.00 WIB. 

Tambahan 1 WNI terkonfirma…",FALSE,0,NA,2020-08-09 03:33:31,FALSE,NA,"1292302964745478144",NA,"<a href=""http://www.echofon.com/"" rel=""nofollow"">Echofon</a>","indonesia_sk",21,TRUE,FALSE,NA,NA
"90","@peachybommm masih aja deh ribut wkwkw gamau dukung sp2 ah males selebgram skrg pd gada otak:( kt nya subscribe aus… https://t.co/AScwddTKOB",FALSE,0,"peachybommm",2020-08-09 01:32:34,TRUE,"1292271290829561856","1292272529139261445","1271371421109772289","<a href=""http://twitter.com/download/android"" rel=""nofollow"">Twitter for Android</a>","myvalentineyuno",0,FALSE,FALSE,NA,NA
"91","Ini sk penggabungan Stie Indonesia Raya dengan Stkip Pancasakti menjadi Universitas https://t.co/UdZVfDd66A",FALSE,2,NA,2020-08-08 16:07:55,FALSE,NA,"1292130428459999233",NA,"<a href=""http://twitter.com/download/android"" rel=""nofollow"">Twitter for Android</a>","FlorentiusFlor1",0,FALSE,FALSE,NA,NA
"92","Ini sk penggabungan Stie Indonesia Raya dengan Stkip Pancasakti menjadi Universitas https://t.co/psIrcQYrjU",FALSE,1,NA,2020-08-08 15:07:00,FALSE,NA,"1292115097075118080",NA,"<a href=""http://twitter.com/download/android"" rel=""nofollow"">Twitter for Android</a>","FlorentiusFlor1",0,FALSE,FALSE,NA,NA
"93","RT @pupuk_indonesia: Melalui SK-262/MBU/08/2020 dan SK-263/MBU/08/2020 tanggal 04/08/2020 yang diumumkan saat Rapat Umum Pemegang Saham (RU…",FALSE,0,NA,2020-08-08 14:39:49,FALSE,NA,"1292108256903483393",NA,"<a href=""http://twitter.com/download/iphone"" rel=""nofollow"">Twitter for iPhone</a>","ramenow",2,TRUE,FALSE,NA,NA
"94","Perkembangan Situasi terkait Sebaran Pandemi COVID-19 di Slowakia per tanggal 8/8/2020
.
Silakan menghubungi hotlin… https://t.co/cmOIAAY0Ws",FALSE,0,NA,2020-08-08 13:45:30,TRUE,NA,"1292094589139124224",NA,"<a href=""http://www.echofon.com/"" rel=""nofollow"">Echofon</a>","indonesia_sk",0,FALSE,FALSE,NA,NA
"95","@SK__ROLEPLAYER ULANG ULANG. KELOMPOK B. 

1. aviastar
2. garuda indonesia
3. merpari nusantara airlines
4. sky aviation
5. xpress air.",FALSE,0,"SK__ROLEPLAYER",2020-08-08 13:37:39,FALSE,"1292091134148112384","1292092612795461633","1298143572","<a href=""http://twitter.com/download/android"" rel=""nofollow"">Twitter for Android</a>","SK_MLisa97",0,FALSE,FALSE,NA,NA
"96","@SK__ROLEPLAYER KELOMPOK B

1. Garuda Indonesia

2. Citilink

3. Batik Air

4. Lion Air

5. Sriwijaya Air",FALSE,0,"SK__ROLEPLAYER",2020-08-08 13:36:18,FALSE,"1292091134148112384","1292092271672692736","1298143572","<a href=""http://twitter.com/download/android"" rel=""nofollow"">Twitter for Android</a>","SK_JuyeonLee",0,FALSE,FALSE,NA,NA
"97","5 Provinsi di Indonesia dong<U+0001F605>",FALSE,0,NA,2020-08-08 13:35:54,FALSE,NA,"1292092171051397121",NA,"<a href=""http://twitter.com/download/android"" rel=""nofollow"">Twitter for Android</a>","SK_WJSNEunseo",0,FALSE,FALSE,NA,NA
"98","@SK__ROLEPLAYER Garuda Indonesia

Citilink

Batik Air

Lion Air

Sriwijaya Air",FALSE,0,"SK__ROLEPLAYER",2020-08-08 13:35:11,FALSE,"1292091134148112384","1292091990603993088","1298143572","<a href=""http://twitter.com/download/android"" rel=""nofollow"">Twitter for Android</a>","SK_JuyeonLee",0,FALSE,FALSE,NA,NA
"99","Lion air

Air asia

Garuda indonesia

Ikan indosiar",FALSE,0,NA,2020-08-08 13:33:45,FALSE,NA,"1292091632808943617",NA,"<a href=""https://mobile.twitter.com"" rel=""nofollow"">Twitter Web App</a>","SK_BaeIrene91",0,FALSE,FALSE,NA,NA
"100","@SK__ROLEPLAYER AIR ASIA, GARUDA INDONESIA, LION AIR,  BATIK AIR, WINGS AIR",FALSE,0,"SK__ROLEPLAYER",2020-08-08 13:33:34,FALSE,"1292091134148112384","1292091585207791617","1298143572","<a href=""http://twitter.com/download/android"" rel=""nofollow"">Twitter for Android</a>","SK_WJSNEunseo",0,FALSE,FALSE,NA,NA
"101","@SK__ROLEPLAYER Kelompok D
Lion air, citilink, garuda indonesia, batik air, air asia",FALSE,0,"SK__ROLEPLAYER",2020-08-08 13:33:08,FALSE,"1292091134148112384","1292091476067794944","1298143572","<a href=""http://twitter.com/download/android"" rel=""nofollow"">Twitter for Android</a>","SK_DahyunTwice",0,FALSE,FALSE,NA,NA
"102","@SK__ROLEPLAYER Garuda indonesia
Buta
Lion
Bahlul
Bagus",FALSE,0,"SK__ROLEPLAYER",2020-08-08 13:32:06,FALSE,"1292091134148112384","1292091217899995136","1298143572","<a href=""http://twitter.com/download/android"" rel=""nofollow"">Twitter for Android</a>","SK_JungJaehyun",0,FALSE,FALSE,NA,NA
"103","@SK__ROLEPLAYER garuda indonesia, lion air, wings air, batik air, sriwijaya air",FALSE,0,"SK__ROLEPLAYER",2020-08-08 13:32:06,FALSE,"1292091134148112384","1292091217581285377","1298143572","<a href=""http://twitter.com/download/iphone"" rel=""nofollow"">Twitter for iPhone</a>","SK_JiwonKim92",0,FALSE,FALSE,NA,NA
"104","<U+0001F1EE><U+0001F1E9> #Repost IG @sufmi_dasco:

Penyerahan SK KLB Partai @Gerindra yang tetapkan secara aklamasi Bapak Prabowo Subiant… https://t.co/gbfRJ0vJhR",FALSE,0,NA,2020-08-08 12:30:42,TRUE,NA,"1292075762778902535",NA,"<a href=""http://twitter.com/download/android"" rel=""nofollow"">Twitter for Android</a>","Ricky_Tamba",0,FALSE,FALSE,NA,NA
"105","<U+0001F1EE><U+0001F1E9> #Repost IG @sufmi_dasco:

Penyerahan SK KLB Partai Gerindra @gerindra yang tetapkan secara aklamasi Bapak Prabow… https://t.co/qHFrTKXuYG",FALSE,0,NA,2020-08-08 12:25:15,TRUE,NA,"1292074391602257920",NA,"<a href=""http://twitter.com/download/android"" rel=""nofollow"">Twitter for Android</a>","Ricky_Tamba",0,FALSE,FALSE,NA,NA
"106","@SK_JiwonKim92 nun pertanyaannya ga ada yg make bhasa indonesia aja gitu?",FALSE,0,"SK_JiwonKim92",2020-08-08 06:38:40,FALSE,"1291743981785628672","1291987172594130944","1290279959550816259","<a href=""https://mobile.twitter.com"" rel=""nofollow"">Twitter Web App</a>","SK_DAY6Sungjin",0,FALSE,FALSE,NA,NA
"107","RT @Kemlu_RI: #SahabatKemlu, hari ini, 53 tahun lalu Association of Southeast Asian Nations (ASEAN) resmi berdiri dengan ditandatanganinya…",FALSE,0,NA,2020-08-08 05:08:40,FALSE,NA,"1291964523356860416",NA,"<a href=""http://www.echofon.com/"" rel=""nofollow"">Echofon</a>","indonesia_sk",109,TRUE,FALSE,NA,NA
"108","RT @Kemlu_RI: Berikut Perkembangan #COVID19 di Dunia &amp; Pelindungan WNI per 08/08 pkl 08.00 WIB. 

Tmbhn WNI terkonfirmasi COVID19 di <U+0001F1FA><U+0001F1F8><U+0001F1F2><U+0001F1FB><U+0001F1F0><U+0001F1F7>…",FALSE,0,NA,2020-08-08 05:08:11,FALSE,NA,"1291964400782454785",NA,"<a href=""http://www.echofon.com/"" rel=""nofollow"">Echofon</a>","indonesia_sk",19,TRUE,FALSE,NA,NA
"109","Dan ini sk penggabungan Stie Indonesia Raya dengaj Stkip Pancasakti menjadi Universitas https://t.co/F3lQAIIEsF",FALSE,1,NA,2020-08-08 04:02:28,FALSE,NA,"1291947864059305985",NA,"<a href=""http://twitter.com/download/android"" rel=""nofollow"">Twitter for Android</a>","FlorentiusFlor1",0,FALSE,FALSE,NA,NA
"110","Sk penggabungan Stie Dwipa Wacana menjadi Stie Indonesia Raya https://t.co/mL89EgmJ23",FALSE,1,NA,2020-08-08 04:01:21,FALSE,NA,"1291947581946253313",NA,"<a href=""http://twitter.com/download/android"" rel=""nofollow"">Twitter for Android</a>","FlorentiusFlor1",0,FALSE,FALSE,NA,NA
"111","Ini sk penggabungan Stie Indonesia Raya dengan Stkip pancasakti menjadi Universitas Pancasakti https://t.co/YoBHiTM1BT",FALSE,1,NA,2020-08-08 03:59:35,FALSE,NA,"1291947138910306304",NA,"<a href=""http://twitter.com/download/android"" rel=""nofollow"">Twitter for Android</a>","FlorentiusFlor1",0,FALSE,FALSE,NA,NA
"112","Ini sk penggabungan Stie indonesia Raya dengan Stkip Pancasakti menjadi Universitas Pancasakti https://t.co/7ADyQsk04Q",FALSE,1,NA,2020-08-08 03:45:56,FALSE,NA,"1291943704266063874",NA,"<a href=""http://twitter.com/download/android"" rel=""nofollow"">Twitter for Android</a>","FlorentiusFlor1",0,FALSE,FALSE,NA,NA
"113","Ini sk penggabungan Stie Indonesia raya dengan Stkip pancasakti menjadi Universitas https://t.co/2gSXiQihP4",FALSE,1,NA,2020-08-08 00:19:12,FALSE,NA,"1291891675317510150",NA,"<a href=""http://twitter.com/download/android"" rel=""nofollow"">Twitter for Android</a>","FlorentiusFlor1",0,FALSE,FALSE,NA,NA
"114","Ini sk penggabungan Stie indonesia Raya dengan Stkip Pancasakti menjadi Universitas https://t.co/32xq6jGQu2",FALSE,1,NA,2020-08-08 00:01:28,FALSE,NA,"1291887213278400513",NA,"<a href=""http://twitter.com/download/android"" rel=""nofollow"">Twitter for Android</a>","FlorentiusFlor1",0,FALSE,FALSE,NA,NA
"115","@WahabisLokal Kamu keliatan sekali orang bodoh. Imam-imam masjid Di Indonesia itu bukan karena SK atau Honor, tapi karena panggilan jiwa.",FALSE,1,"WahabisLokal",2020-08-07 23:22:06,FALSE,"1291295604430106624","1291877306042994688","1117028065320685568","<a href=""http://twitter.com/download/android"" rel=""nofollow"">Twitter for Android</a>","MamanSudiaman13",0,FALSE,FALSE,NA,NA
"116","Ini sk penggabungan Stie Indonesia Raya dengan Stkip pancasakti menjadi Universitas https://t.co/ZHWTDqgy6z",FALSE,1,NA,2020-08-07 23:05:18,FALSE,NA,"1291873077924491265",NA,"<a href=""http://twitter.com/download/android"" rel=""nofollow"">Twitter for Android</a>","FlorentiusFlor1",0,FALSE,FALSE,NA,NA
"117","@GBM_Indonesia Sorry gue gk sk bences",FALSE,1,"GBM_Indonesia",2020-08-07 22:49:14,FALSE,"1291793257958014977","1291869034862895104","1154385422400626689","<a href=""http://twitter.com/download/android"" rel=""nofollow"">Twitter for Android</a>","Asdi02323729",0,FALSE,FALSE,NA,NA
"118","Ini sk penggabungan Stie indonesia raya dengan Stkip Pancasakti menjadi Universitas Pancasakti https://t.co/vKrxjIilaN",FALSE,1,NA,2020-08-07 20:32:14,FALSE,NA,"1291834558636109824",NA,"<a href=""http://twitter.com/download/android"" rel=""nofollow"">Twitter for Android</a>","FlorentiusFlor1",0,FALSE,FALSE,NA,NA
"119","Perkembangan Situasi terkait Sebaran Pandemi COVID-19 di Slowakia per tanggal 7/8/2020
.
Silakan menghubungi hotlin… https://t.co/12GyFRC9rE",FALSE,0,NA,2020-08-07 18:40:31,TRUE,NA,"1291806444921249793",NA,"<a href=""http://www.echofon.com/"" rel=""nofollow"">Echofon</a>","indonesia_sk",0,FALSE,FALSE,NA,NA
"120","RT @teamperayaid: Mimin shokk sih, Indonesia bisa sekeren ini. Sumpah luar biasa support dan cintanya ke SK, pake banget <U+0001F633><U+0001F44D>

https://t.co/C…",FALSE,0,NA,2020-08-07 16:07:24,FALSE,NA,"1291767910524792832",NA,"<a href=""http://twitter.com/download/android"" rel=""nofollow"">Twitter for Android</a>","berebolf",6,TRUE,FALSE,NA,NA
"121","RT @teamperayaid: Mimin shokk sih, Indonesia bisa sekeren ini. Sumpah luar biasa support dan cintanya ke SK, pake banget <U+0001F633><U+0001F44D>

https://t.co/C…",FALSE,0,NA,2020-08-07 15:39:51,FALSE,NA,"1291760977352855555",NA,"<a href=""http://twitter.com/download/android"" rel=""nofollow"">Twitter for Android</a>","babykit_ps",6,TRUE,FALSE,NA,NA
"122","RT @teamperayaid: Mimin shokk sih, Indonesia bisa sekeren ini. Sumpah luar biasa support dan cintanya ke SK, pake banget <U+0001F633><U+0001F44D>

https://t.co/C…",FALSE,0,NA,2020-08-07 15:25:01,FALSE,NA,"1291757246125228033",NA,"<a href=""http://twitter.com/download/android"" rel=""nofollow"">Twitter for Android</a>","hunstjinx94",6,TRUE,FALSE,NA,NA
"123","Mimin shokk sih, Indonesia bisa sekeren ini. Sumpah luar biasa support dan cintanya ke SK, pake banget <U+0001F633><U+0001F44D>

https://t.co/CXZ1FfSutc",FALSE,7,NA,2020-08-07 15:24:13,FALSE,NA,"1291757043032788992",NA,"<a href=""http://twitter.com/download/android"" rel=""nofollow"">Twitter for Android</a>","teamperayaid",6,FALSE,FALSE,NA,NA
"124","HWWU93009 Maps Atlases - Indonesia peta 150x100 cm peta peta hiasan dinding sekolah kantor tahan air non-woven… https://t.co/117mByneZi",FALSE,0,NA,2020-08-07 12:45:27,TRUE,NA,"1291717090420969473",NA,"<a href=""https://ifttt.com"" rel=""nofollow"">IFTTT</a>","LawawaSupplies",0,FALSE,FALSE,NA,NA
"125","RT @veeola: Dua puluh delapan tahun yang lalu sejarah diukir oleh pasangan legenda ini. 

https://t.co/AUrIocX13S",FALSE,0,NA,2020-08-07 11:37:16,FALSE,NA,"1291699930814275585",NA,"<a href=""http://twitter.com/download/android"" rel=""nofollow"">Twitter for Android</a>","DeddyGemboel",4,TRUE,FALSE,NA,NA
"126","RT @InfosuporterID: Berita lengkap baca di @skorindonesia 
&gt;&gt; https://t.co/ytseNEiBNg https://t.co/uXZkNvbMMR",FALSE,0,NA,2020-08-07 10:30:36,FALSE,NA,"1291683153719857153",NA,"<a href=""https://about.twitter.com/products/tweetdeck"" rel=""nofollow"">TweetDeck</a>","skorindonesia",1,TRUE,FALSE,NA,NA
"127","Berita lengkap baca di @skorindonesia 
&gt;&gt; https://t.co/ytseNEiBNg https://t.co/uXZkNvbMMR",FALSE,0,NA,2020-08-07 10:30:19,FALSE,NA,"1291683080487366657",NA,"<a href=""http://twitter.com/download/android"" rel=""nofollow"">Twitter for Android</a>","InfosuporterID",1,FALSE,FALSE,NA,NA
"128","@LOVE_AG4EVER Wuidih ada yg tahu sejak kapan HRS jadi Imam Besar Umat Islam Indonesia?? Ada SK penetapannya kah?? A… https://t.co/PhtoQi6fTW",FALSE,3,"LOVE_AG4EVER",2020-08-07 10:22:35,TRUE,"1291363701589647360","1291681136154943489","799023207294504960","<a href=""http://twitter.com/download/android"" rel=""nofollow"">Twitter for Android</a>","Pangondian74",0,FALSE,FALSE,NA,NA
"129","Ini sk penggabungan Stie Indonesia Raya dengan Stkip Pancasakti menjadi Universitas Pancasakti https://t.co/ywiE9Xamts",FALSE,1,NA,2020-08-07 08:11:22,FALSE,NA,"1291648113405394944",NA,"<a href=""http://twitter.com/download/android"" rel=""nofollow"">Twitter for Android</a>","FlorentiusFlor1",0,FALSE,FALSE,NA,NA
"130","Ini sk penggabungan Stie Indonesia Raya dengan Stkip Pancasakti menjadi Universitas https://t.co/omVDaKUr3o",FALSE,1,NA,2020-08-07 07:59:28,FALSE,NA,"1291645117569228800",NA,"<a href=""http://twitter.com/download/android"" rel=""nofollow"">Twitter for Android</a>","FlorentiusFlor1",0,FALSE,FALSE,NA,NA
"131","RT @Kemlu_RI: Berikut Perkembangan #COVID19 di Dunia &amp; Pelindungan WNI per 07/08 pkl 08.00 WIB. 

Tambahan WNI terkonfirmasi COVID19 di <U+0001F1EA><U+0001F1F9>,…",FALSE,0,NA,2020-08-07 07:48:28,FALSE,NA,"1291642349852950530",NA,"<a href=""http://www.echofon.com/"" rel=""nofollow"">Echofon</a>","indonesia_sk",20,TRUE,FALSE,NA,NA
"132","RT @Kemlu_RI: 5. Pertemuan menghadirkan Under-Secretary-General untuk isu penanggulangan terorisme serta Direktur Eksekutif UNODC dan memba…",FALSE,0,NA,2020-08-07 07:47:30,FALSE,NA,"1291642106650533889",NA,"<a href=""http://www.echofon.com/"" rel=""nofollow"">Echofon</a>","indonesia_sk",13,TRUE,FALSE,NA,NA
"133","RT @Kemlu_RI: 4. Pertemuan virtual ini merupakan salah satu rangkaian kegiatan utama Presidensi Dewan Keamanan PBB #Indonesia di bulan Agus…",FALSE,0,NA,2020-08-07 07:47:23,FALSE,NA,"1291642078326292480",NA,"<a href=""http://www.echofon.com/"" rel=""nofollow"">Echofon</a>","indonesia_sk",13,TRUE,FALSE,NA,NA
"134","RT @Kemlu_RI: 3. #MenluRetno garisbawahi 3 poin penting. Pertama, penyesuaian kebijakan diperlukan untuk atasi keterkaitan terorisme dan ke…",FALSE,0,NA,2020-08-07 07:47:03,FALSE,NA,"1291641994582818816",NA,"<a href=""http://www.echofon.com/"" rel=""nofollow"">Echofon</a>","indonesia_sk",9,TRUE,FALSE,NA,NA
"135","RT @Kemlu_RI: 2. @Menlu_RI menekankan keterkaitan kedua kejahatan akan membawa dampak yang sangat merusak pada tingkat global dan semakin m…",FALSE,0,NA,2020-08-07 07:46:55,FALSE,NA,"1291641960663584769",NA,"<a href=""http://www.echofon.com/"" rel=""nofollow"">Echofon</a>","indonesia_sk",8,TRUE,FALSE,NA,NA
"136","RT @Kemlu_RI: 1. #SahabatKemlu, Kemarin (6/8) sebagai Presiden Dewan Keamanan PBB, @Menlu_RI pimpin pertemuan mengenai keterkaitan terorism…",FALSE,0,NA,2020-08-07 07:46:48,FALSE,NA,"1291641931689332736",NA,"<a href=""http://www.echofon.com/"" rel=""nofollow"">Echofon</a>","indonesia_sk",44,TRUE,FALSE,NA,NA
"137","Ini sk penggabungan Stie Indonesia Raya dengan Stkip Pancasakti menjadi Universitas https://t.co/nPqxFIptzC",FALSE,1,NA,2020-08-07 07:19:41,FALSE,NA,"1291635105018990592",NA,"<a href=""http://twitter.com/download/android"" rel=""nofollow"">Twitter for Android</a>","FlorentiusFlor1",0,FALSE,FALSE,NA,NA
"138","Ini sk penggabungan Stie Indonesia Raya dengan Stkip Pancasakti menjadi Universitas https://t.co/rerOTSHzMq",FALSE,1,NA,2020-08-07 07:02:26,FALSE,NA,"1291630765785006080",NA,"<a href=""http://twitter.com/download/android"" rel=""nofollow"">Twitter for Android</a>","FlorentiusFlor1",0,FALSE,FALSE,NA,NA
"139","@BersamaSahabat4 @asus_sk @Iamdeeth @Cahyaniiiiiiiii @IneemIjaaH @christien_meity @AlvaridaRatih @ShanteeShu… https://t.co/aa6Kby7QOI",FALSE,4,"BersamaSahabat4",2020-08-07 04:17:16,TRUE,"1291253728213782528","1291589198416195584","1283615933374664710","<a href=""http://twitter.com/download/android"" rel=""nofollow"">Twitter for Android</a>","UmarHad73261754",0,FALSE,FALSE,NA,NA
"140","Film Irene tayang di Indonesia gak ya.... Maksud w sayang bgt power Irene tuh gede fans juga pasti bakal nonton kal… https://t.co/dB0oPWbHJC",FALSE,0,NA,2020-08-07 03:00:44,TRUE,NA,"1291569938222653441",NA,"<a href=""http://twitter.com/download/android"" rel=""nofollow"">Twitter for Android</a>","ariafila1",0,FALSE,FALSE,NA,NA
"141","Semoga SK nya tetap di pulau jawa <U+0001F64F> dag dig dug tiap nunggu SK keluar. Ujung2 saling curhat sm kakak yang senasib (… https://t.co/VrmhlRDprM",FALSE,0,NA,2020-08-07 01:58:20,TRUE,NA,"1291554235847327744",NA,"<a href=""http://twitter.com/download/iphone"" rel=""nofollow"">Twitter for iPhone</a>","dianindra94",0,FALSE,FALSE,NA,NA
"142","@jhopetrb gatau sjshdjdkdu tapi kalo weverse kan udah yg series itu, kalo dulu kan film dulu baru series nya ya kan… https://t.co/jjlMkmqBnp",FALSE,0,"jhopetrb",2020-08-07 00:07:10,TRUE,"1291525586305703936","1291526259168514048","887913237303271424","<a href=""http://twitter.com/download/android"" rel=""nofollow"">Twitter for Android</a>","kookmincloset",0,FALSE,FALSE,NA,NA
"143","RT @Berkarya_Info: Tommy Soeharto Siap Gugat Berkarya Kubu Muchdi PR  https://t.co/B6a3IbZrOX",FALSE,0,NA,2020-08-06 22:17:54,FALSE,NA,"1291498763312226304",NA,"<a href=""http://twitter.com/download/iphone"" rel=""nofollow"">Twitter for iPhone</a>","Indonesia_tok",419,TRUE,FALSE,NA,NA
"144","Perkembangan Situasi terkait Sebaran Pandemi COVID-19 di Slowakia per tanggal 6/8/2020
.
Silakan menghubungi hotlin… https://t.co/BN5eI2fsAy",FALSE,0,NA,2020-08-06 18:37:52,TRUE,NA,"1291443391121764354",NA,"<a href=""http://www.echofon.com/"" rel=""nofollow"">Echofon</a>","indonesia_sk",0,FALSE,FALSE,NA,NA
"145","Ini sk penggabungan Stie Indonesia Raya dengan Stkip Pancasakti menjadi Universitas https://t.co/91opMj4ARO",FALSE,1,NA,2020-08-06 16:56:41,FALSE,NA,"1291417927187492864",NA,"<a href=""http://twitter.com/download/android"" rel=""nofollow"">Twitter for Android</a>","FlorentiusFlor1",0,FALSE,FALSE,NA,NA
"146","Ini sk penggabungan Stie indonesia Raya dengan Stkip Pancasakti menjadi Universitas https://t.co/R9Jak8sB7j",FALSE,1,NA,2020-08-06 16:44:08,FALSE,NA,"1291414767471489030",NA,"<a href=""http://twitter.com/download/android"" rel=""nofollow"">Twitter for Android</a>","FlorentiusFlor1",0,FALSE,FALSE,NA,NA
"147","RT @teamperayaid: <U+2B55><U+FE0F> UPDATE Pos Donasi Indonesia
- Per 06/08/2020 (IDR)

» BCA: 5,558,000
» Jenius: 913,500

Total: 6,471,500
=============…",FALSE,0,NA,2020-08-06 15:15:59,FALSE,NA,"1291392582920986624",NA,"<a href=""http://twitter.com/download/android"" rel=""nofollow"">Twitter for Android</a>","luthai_sk",58,TRUE,FALSE,NA,NA
"148","KBRI Bratislava menyampaikan bantuan logistik bagi WNI terdampak COVID-19 di Slowakia
.
.
KBRI Bratislava senantias… https://t.co/ihdShMFxOm",FALSE,0,NA,2020-08-06 15:10:33,TRUE,NA,"1291391217805266947",NA,"<a href=""http://instagram.com"" rel=""nofollow"">Instagram</a>","indonesia_sk",0,FALSE,FALSE,"17.08559","48.1641"
"149","Meneg BUMN @erickthohir merombak jajaran direksi dan komisaris PT Pupuk Indonesia (Persero).Melalui SK-263/MBU/08/2… https://t.co/Fbyi1dd3of",FALSE,7,NA,2020-08-06 14:16:15,TRUE,NA,"1291377549197467650",NA,"<a href=""https://mobile.twitter.com"" rel=""nofollow"">Twitter Web App</a>","ihadrianip",1,FALSE,FALSE,NA,NA
"150","Ini sk penggabungan Stie Indonesia Raya dengan Stkip Pancasakti menjadi Universitas https://t.co/aoEClE7jEv",FALSE,1,NA,2020-08-06 11:57:58,FALSE,NA,"1291342750193864704",NA,"<a href=""http://twitter.com/download/android"" rel=""nofollow"">Twitter for Android</a>","FlorentiusFlor1",0,FALSE,FALSE,NA,NA
"151","RT @kimdoyoungpic: 191117 nct 127 x smtown indonesia https://t.co/BVgAGtcPbi",FALSE,0,NA,2020-08-06 11:19:03,FALSE,NA,"1291332959144820737",NA,"<a href=""http://twitter.com/download/android"" rel=""nofollow"">Twitter for Android</a>","SK_JuyeonLee",1864,TRUE,FALSE,NA,NA
"152","RT @kimdoyoungpic: 190924 nct 127 x indonesia television awards https://t.co/SQYY7bmIrb",FALSE,0,NA,2020-08-06 11:19:03,FALSE,NA,"1291332955369902080",NA,"<a href=""http://twitter.com/download/android"" rel=""nofollow"">Twitter for Android</a>","SK_JuyeonLee",1814,TRUE,FALSE,NA,NA
"153","Ini sk penggabungan Stie Indonesia Raya dengan stkip pancasakti menjadi universitas pancasakti https://t.co/T7XOVDd2wB",FALSE,1,NA,2020-08-06 11:13:10,FALSE,NA,"1291331478668767233",NA,"<a href=""http://twitter.com/download/android"" rel=""nofollow"">Twitter for Android</a>","FlorentiusFlor1",0,FALSE,FALSE,NA,NA
"154","@tubirfess dari dulu banding2in negara sendiri ama negara luar udah banyak nderrr. ga mengacu ke SK ajeeee. dari du… https://t.co/STCo5jazTt",FALSE,0,"ninetysixthirty",2020-08-06 09:45:56,TRUE,"1291308354103435264","1291309524020731905","185112886","<a href=""https://about.twitter.com/products/tweetdeck"" rel=""nofollow"">TweetDeck</a>","ninetysixthirty",0,FALSE,FALSE,NA,NA
"155","RT @Kemlu_RI: Berikut Perkembangan #COVID19 di Dunia &amp; Pelindungan WNI per 06/08 pkl 08.00 WIB. 

Tambahan WNI terkonfirmasi COVID19 di <U+0001F1F8><U+0001F1E6>,…",FALSE,0,NA,2020-08-06 06:28:52,FALSE,NA,"1291259931446980608",NA,"<a href=""http://www.echofon.com/"" rel=""nofollow"">Echofon</a>","indonesia_sk",22,TRUE,FALSE,NA,NA
"156","Seoul D6 and back to Indonesia (BGSDNMK) – SK Trip # South Korea https://t.co/q0QLRIW9L6",FALSE,0,NA,2020-08-06 06:28:27,FALSE,NA,"1291259827528904704",NA,"<a href=""http://publicize.wp.com/"" rel=""nofollow"">WordPress.com</a>","anna83wong",0,FALSE,FALSE,NA,NA
"157","@WantyMaria @Iamdeeth @Cahyaniiiiiiiii @IneemIjaaH @christien_meity @AlvaridaRatih @ShanteeShu @menaburKasih… https://t.co/nj3gGS59lX",FALSE,2,"WantyMaria",2020-08-06 06:17:57,TRUE,"1291256739145428992","1291257181900124161","1199609235820036098","<a href=""http://twitter.com/download/android"" rel=""nofollow"">Twitter for Android</a>","BersamaSahabat4",0,FALSE,FALSE,NA,NA
"158","Semoga Partai politik tidak sembarangan memberikan SK kepada orang yg diduga terlibat korupsi.
@absetyono @Je_Ly… https://t.co/AXwqD27WoB",FALSE,0,NA,2020-08-06 03:09:29,TRUE,NA,"1291209755638128640",NA,"<a href=""http://twitter.com/download/android"" rel=""nofollow"">Twitter for Android</a>","S_kani_",0,FALSE,FALSE,NA,NA
"159","Gak nyangka ya ada partai politik memberikan SK untuk orang yang terduga koruptor ini @arjuno_ireng01 @Hanifah933… https://t.co/nPcxBc8duM",FALSE,0,NA,2020-08-06 03:05:06,TRUE,NA,"1291208648698429442",NA,"<a href=""http://twitter.com/download/android"" rel=""nofollow"">Twitter for Android</a>","Tuiterkuu",0,FALSE,FALSE,NA,NA
"160","KOMPAK Indonesia menegaskan sikap dg mendesak Pimpinan Parpol untuk tidak memberikan SK kepada Cabup dan Cawabup ya… https://t.co/ZzW7SS2bHv",FALSE,0,NA,2020-08-06 03:05:05,TRUE,NA,"1291208648304152576",NA,"<a href=""http://twitter.com/download/android"" rel=""nofollow"">Twitter for Android</a>","Anggelcitra1",0,FALSE,FALSE,NA,NA
"161","KOMPAK Indonesia menegaskan sikap sbg berikut salah satunya mendesak Pimpinan Parpol utk tdk memberikan SK kepada C… https://t.co/KuElM8hgXZ",FALSE,0,NA,2020-08-06 03:00:00,TRUE,NA,"1291207368148221952",NA,"<a href=""https://about.twitter.com/products/tweetdeck"" rel=""nofollow"">TweetDeck</a>","Shahyanti",0,FALSE,FALSE,NA,NA
"162","RT @pupuk_indonesia: Melalui SK-262/MBU/08/2020 dan SK-263/MBU/08/2020 tanggal 04/08/2020 yang diumumkan saat Rapat Umum Pemegang Saham (RU…",FALSE,0,NA,2020-08-05 23:51:19,FALSE,NA,"1291159885174968327",NA,"<a href=""http://twitter.com/download/android"" rel=""nofollow"">Twitter for Android</a>","indrakuntjoro",2,TRUE,FALSE,NA,NA
"163","@Dennysiregar7 Angkatlah para kadrun dr bumi Indonesia tercinta ya Alloh..
Mrk itu sensi banget..merasa ulamanya di… https://t.co/6XK3C7KMPk",FALSE,0,"Dennysiregar7",2020-08-05 23:16:03,TRUE,"1291122872417546240","1291151006399475712","4780649298","<a href=""http://twitter.com/download/android"" rel=""nofollow"">Twitter for Android</a>","andiruh",0,FALSE,FALSE,NA,NA
"164","RT @teamperayaid: Finally! Pos donasi utk Peraya Indonesia sudah tersedia ya <U+0001F618>

Silakan transfer donasi kamu ke rek bank yg tertera pd post…",FALSE,0,NA,2020-08-05 15:22:24,FALSE,NA,"1291031811162697730",NA,"<a href=""http://twitter.com/download/android"" rel=""nofollow"">Twitter for Android</a>","olaff_sk",185,TRUE,FALSE,NA,NA
"165","Ini sk penggabungan Stie Indonesia Raya dengan stkip Pancasakti menjadi Universitas Pancasakti https://t.co/Q1XSW0QlJ2",FALSE,1,NA,2020-08-05 13:31:27,FALSE,NA,"1291003889005654017",NA,"<a href=""http://twitter.com/download/android"" rel=""nofollow"">Twitter for Android</a>","FlorentiusFlor1",0,FALSE,FALSE,NA,NA
"166","Melalui SK-262/MBU/08/2020 dan SK-263/MBU/08/2020 tanggal 04/08/2020 yang diumumkan saat Rapat Umum Pemegang Saham… https://t.co/49TgIwHOm6",FALSE,17,NA,2020-08-05 13:26:31,TRUE,NA,"1291002649236484096",NA,"<a href=""https://mobile.twitter.com"" rel=""nofollow"">Twitter Web App</a>","pupuk_indonesia",2,FALSE,FALSE,NA,NA
"167","Ini sk penggabungan Stie Indonesia Raya dgn stkip pancasakti menjadi Universitas Pancasakti https://t.co/LKhkdVkTLI",FALSE,1,NA,2020-08-05 13:01:57,FALSE,NA,"1290996463158231045",NA,"<a href=""http://twitter.com/download/android"" rel=""nofollow"">Twitter for Android</a>","FlorentiusFlor1",0,FALSE,FALSE,NA,NA
"168","Sk penggabungan Stie Indonesia Raya menjadi Universitas https://t.co/mfwOSmAA2W",FALSE,2,NA,2020-08-05 12:54:57,FALSE,NA,"1290994704037732352",NA,"<a href=""http://twitter.com/download/android"" rel=""nofollow"">Twitter for Android</a>","FlorentiusFlor1",0,FALSE,FALSE,NA,NA
"169","Melalui SK-263/MBU/08/2020, tertanggal 4 Agustus 2020, Erick Thohir secara resmi mengangkat Bakir Pasaman sebagai d… https://t.co/6FA9ABQi08",FALSE,1,NA,2020-08-05 12:29:14,TRUE,NA,"1290988230976790529",NA,"<a href=""http://twitter.com/download/android"" rel=""nofollow"">Twitter for Android</a>","NCI4NKRI",0,FALSE,FALSE,NA,NA
"170","Ini sk penggabungan Stie Indonesia Raya menjadi Univ Pancasakti https://t.co/8HmqYhBIpI",FALSE,3,NA,2020-08-05 12:05:56,FALSE,NA,"1290982369273319424",NA,"<a href=""http://twitter.com/download/android"" rel=""nofollow"">Twitter for Android</a>","FlorentiusFlor1",0,FALSE,FALSE,NA,NA
"171","Menteri @erickthohir merombak jajaran direksi &amp; komisaris PT Pupuk Indonesia melalui SK-263/MBU/08/2020, tertanggal… https://t.co/bvvPuzqqx1",FALSE,1,NA,2020-08-05 12:00:48,TRUE,NA,"1290981075477397507",NA,"<a href=""http://twitter.com/download/android"" rel=""nofollow"">Twitter for Android</a>","iina_surbakti",0,FALSE,FALSE,NA,NA
"172","@marpaung913 @kasehsaulmouk @ebongBOY @HerlinaWoods @RFauzy5 @EmyPalayukan @istidharto @ag865ok @hendry_martien… https://t.co/VMFlqGvWDY",FALSE,1,"marpaung913",2020-08-05 11:44:04,TRUE,"1290855879865020416","1290976865394409472","3192271640","<a href=""http://twitter.com/download/android"" rel=""nofollow"">Twitter for Android</a>","noperhan",0,FALSE,FALSE,NA,NA
"173","Ini sk penggabungan Stie Indonesia Raya menjadi Universitas https://t.co/liGlpXASCC",FALSE,2,NA,2020-08-05 10:55:47,FALSE,NA,"1290964715867238401",NA,"<a href=""http://twitter.com/download/android"" rel=""nofollow"">Twitter for Android</a>","FlorentiusFlor1",0,FALSE,FALSE,NA,NA
"174","Perkembangan Situasi terkait Sebaran Pandemi COVID-19 di Slowakia per tanggal 5/8/2020
.
Silakan menghubungi hotlin… https://t.co/TWWokCj2K2",FALSE,1,NA,2020-08-05 09:34:03,TRUE,NA,"1290944145381634049",NA,"<a href=""http://www.echofon.com/"" rel=""nofollow"">Echofon</a>","indonesia_sk",0,FALSE,FALSE,NA,NA
"175","RT @Kemlu_RI: <U+0001F1EE><U+0001F1E9> sampaikan duka cita &amp; simpati kpd keluarga, Pemerintah &amp; rakyat <U+0001F1F1><U+0001F1E7> atas ledakan yg terjadi pd Selasa (4/8). #MenluRetno tr…",FALSE,0,NA,2020-08-05 09:08:47,FALSE,NA,"1290937788880363525",NA,"<a href=""http://www.echofon.com/"" rel=""nofollow"">Echofon</a>","indonesia_sk",53,TRUE,FALSE,NA,NA
"176","Melalui SK – 263/MBU/08/2020 tertanggal 4 Agustus 2020, Kementerian Badan Usaha Milik Negara (BUMN) melakukan perub… https://t.co/tMQZ273pKx",FALSE,0,NA,2020-08-05 09:01:58,TRUE,NA,"1290936070222249984",NA,"<a href=""http://instagram.com"" rel=""nofollow"">Instagram</a>","bumntrack",0,FALSE,FALSE,NA,NA
"177","RT @mayang56365678: Jawa Barat Propinsi pertama di Indonesia yang memperhatikan nasib para guru honorer, dengan menerbitkan SK Gubernur, te…",FALSE,0,NA,2020-08-05 08:05:24,FALSE,NA,"1290921837325504513",NA,"<a href=""http://twitter.com/download/android"" rel=""nofollow"">Twitter for Android</a>","NingsPplhi",5,TRUE,FALSE,NA,NA
"178","SAH…!!!<U+2800>
<U+2800>
Alhamdulillah, per tanggal 29 Juli 2020 MES telah berdiri di Australia dan Aljazair masing-masing telah… https://t.co/Qoo3rTrIPo",FALSE,6,NA,2020-08-05 08:00:15,TRUE,NA,"1290920538731233281",NA,"<a href=""http://twitter.com/download/android"" rel=""nofollow"">Twitter for Android</a>","mes_indonesia",1,FALSE,FALSE,NA,NA
"179","Ini sk penggabungan Stie Indonesia Raya menjadi Universitas Pancasakti https://t.co/8VGqmvX5W8",FALSE,2,NA,2020-08-05 07:08:38,FALSE,NA,"1290907552041979904",NA,"<a href=""http://twitter.com/download/android"" rel=""nofollow"">Twitter for Android</a>","FlorentiusFlor1",0,FALSE,FALSE,NA,NA
"180","Ini SK Kepengurusan Berkarya Kubu Muchdi PR - https://t.co/6ciZbWBA8a

#INDONESIA",FALSE,0,NA,2020-08-05 07:05:06,FALSE,NA,"1290906662350405632",NA,"<a href=""https://idcorner.co.id"" rel=""nofollow"">IDCorner.Co.iD</a>","IDCorner",0,FALSE,FALSE,NA,NA
"181","Ini sk penggabungan dari Stie Indonesia Raya menjadi Universitas https://t.co/5M5DIWTKAA",FALSE,2,NA,2020-08-05 05:57:42,FALSE,NA,"1290889699964248064",NA,"<a href=""http://twitter.com/download/android"" rel=""nofollow"">Twitter for Android</a>","FlorentiusFlor1",0,FALSE,FALSE,NA,NA
"182","RT @mayang56365678: Jawa Barat Propinsi pertama di Indonesia yang memperhatikan nasib para guru honorer, dengan menerbitkan SK Gubernur, te…",FALSE,0,NA,2020-08-05 04:53:49,FALSE,NA,"1290873622559469568",NA,"<a href=""http://twitter.com/download/android"" rel=""nofollow"">Twitter for Android</a>","gayunkroland",5,TRUE,FALSE,NA,NA
"183","RT @Kemlu_RI: Telah terjadi ledakan di Port of Beirut, Lebanon pada Selasa (04/08) yang menimbulkan korban. Indonesia sampaikan belasungkaw…",FALSE,0,NA,2020-08-05 04:52:23,FALSE,NA,"1290873261597892608",NA,"<a href=""http://www.echofon.com/"" rel=""nofollow"">Echofon</a>","indonesia_sk",82,TRUE,FALSE,NA,NA
"184","RT @Kemlu_RI: Berikut Perkembangan #COVID19 di Dunia &amp; Pelindungan WNI per 05/08 pkl 08.00 WIB. 

Tambahan WNI terkonfirmasi COVID19 di <U+0001F1F2><U+0001F1FB>&amp;…",FALSE,0,NA,2020-08-05 04:52:03,FALSE,NA,"1290873179846717441",NA,"<a href=""http://www.echofon.com/"" rel=""nofollow"">Echofon</a>","indonesia_sk",30,TRUE,FALSE,NA,NA
"185","RT @mayang56365678: Jawa Barat Propinsi pertama di Indonesia yang memperhatikan nasib para guru honorer, dengan menerbitkan SK Gubernur, te…",FALSE,0,NA,2020-08-05 04:42:55,FALSE,NA,"1290870881141415936",NA,"<a href=""http://twitter.com/download/android"" rel=""nofollow"">Twitter for Android</a>","Manda43055066",5,TRUE,FALSE,NA,NA
"186","RT @mayang56365678: Jabar Propinsi pertama di Indonesia yang memperhatikan nasib para guru honorer, dengan menerbitkan SK Gubernur, tentang…",FALSE,0,NA,2020-08-05 04:30:08,FALSE,NA,"1290867663695093763",NA,"<a href=""http://twitter.com/download/android"" rel=""nofollow"">Twitter for Android</a>","Manda43055066",4,TRUE,FALSE,NA,NA
"187","Ini sk penggabungan Stie Indonesia Raya menjadi Universitas https://t.co/tcXYxlHA7m",FALSE,3,NA,2020-08-05 00:22:30,FALSE,NA,"1290805342696165376",NA,"<a href=""http://twitter.com/download/android"" rel=""nofollow"">Twitter for Android</a>","FlorentiusFlor1",0,FALSE,FALSE,NA,NA
"188","Ini sk penggabungan Stie Indonesia Raya menjadi Universitas Pancasakti https://t.co/DFmd4e1Qjd",FALSE,2,NA,2020-08-04 23:54:04,FALSE,NA,"1290798188991922177",NA,"<a href=""http://twitter.com/download/android"" rel=""nofollow"">Twitter for Android</a>","FlorentiusFlor1",0,FALSE,FALSE,NA,NA
"189","RT @veeola: Dua puluh delapan tahun yang lalu sejarah diukir oleh pasangan legenda ini. 

https://t.co/AUrIocX13S",FALSE,0,NA,2020-08-04 15:13:05,FALSE,NA,"1290667079021006848",NA,"<a href=""http://twitter.com/download/android"" rel=""nofollow"">Twitter for Android</a>","shilaaryn",4,TRUE,FALSE,NA,NA
"190","Selain itu, melalui SK - 262/MBU/08/2020 tanggal 4 Agustus 2020, Menteri BUMN juga mengangkat Darmin Nasution sebag… https://t.co/L5Tm4gzoUb",FALSE,0,NA,2020-08-04 14:18:36,TRUE,NA,"1290653365400227841",NA,"<a href=""http://www.mediaindonesia.com"" rel=""nofollow"">micom</a>","mediaindonesia",0,FALSE,FALSE,NA,NA
"191","nih kok pada ngepost yg berbau Indonesia? next album ada lagu bahasa Indonesia gitu? @ Label SJ []",FALSE,0,NA,2020-08-04 12:59:06,FALSE,NA,"1290633360121815041",NA,"<a href=""http://twitter.com/download/android"" rel=""nofollow"">Twitter for Android</a>","SK_GGYoona90",0,FALSE,FALSE,NA,NA
"192","Figo Ungkap Ketatnya Persaingan di Timnas Indonesia U-19

https://t.co/eJAl7jt2rD",FALSE,0,NA,2020-08-04 12:56:02,FALSE,NA,"1290632587795292160",NA,"<a href=""https://skor.id"" rel=""nofollow"">SKOR.ID</a>","skorindonesia",0,FALSE,FALSE,NA,NA
"193","@DTanjung15 Mana ada kadrun sk sm NKRI,pancasila aja dia bilang pantat gila.mrk itu cm sampah dn hrs dilenyapkan dr indonesia",FALSE,2,"DTanjung15",2020-08-04 12:10:40,FALSE,"1290615047467622400","1290621172732723203","1134422706256957441","<a href=""http://twitter.com/download/android"" rel=""nofollow"">Twitter for Android</a>","agoez_76",0,FALSE,FALSE,NA,NA
"194","RT @veeola: Dua puluh delapan tahun yang lalu sejarah diukir oleh pasangan legenda ini. 

https://t.co/AUrIocX13S",FALSE,0,NA,2020-08-04 10:52:50,FALSE,NA,"1290601584418680832",NA,"<a href=""http://twitter.com/download/android"" rel=""nofollow"">Twitter for Android</a>","bulenesiaaa",4,TRUE,FALSE,NA,NA
"195","Dua puluh delapan tahun yang lalu sejarah diukir oleh pasangan legenda ini. 

https://t.co/AUrIocX13S",FALSE,32,NA,2020-08-04 10:20:55,FALSE,NA,"1290593552515252224",NA,"<a href=""https://mobile.twitter.com"" rel=""nofollow"">Twitter Web App</a>","veeola",4,FALSE,FALSE,NA,NA
