"","created_at","screen_name","name","source","text","display_text_width","is_quote","is_retweet","favorite_count","retweet_count","retweet_screen_name","retweet_name","retweet_followers_count"
"1","2020-08-10 21:31:24","KbriParamaribo","KBRI Paramaribo","Twitter Web App","The Indonesian Ambassador, H.E. Julang Pujianto, paid a courtesy call to the Minister of Foreign Affairs, International Business&amp;International Cooperation of Suriname, H.E. Albert Ramdin. (Paramaribo,10/08/20) #IniDiplomasi #SahabatKemlu #IndonesianWay #RintisKemajuan https://t.co/vj3smcjmhZ","272","FALSE","FALSE","0","0",NA,NA,NA
"2","2020-08-10 02:27:20","KbriParamaribo","KBRI Paramaribo","Twitter Web App","130 Years of Javanese Immigration in Suriname(9 Aug'20)
The Indonesian Govt, through the Indonesian Embassy in Paramaribo, is committed to work hand-in-hand with the Surinamese Govt for a better future of the peoples of the two countries #IniDiplomasi #SahabatKemlu #IndonesianWay https://t.co/sJXGLO9tSQ","280","FALSE","FALSE","3","0",NA,NA,NA
"3","2020-07-20 17:53:18","KbriParamaribo","KBRI Paramaribo","Twitter Web App","Mau keluar rumah? 
Pakai masker. 

Hendak jogging atau bersepeda? 
Pakai masker. 

Tak ada ruang untuk melenggang tanpa masker. Hanya dengan kedisiplinan mematuhi protokol kesehatan, kita terhindar dari Covid-19. https://t.co/xEuLSo8FRk","140","FALSE","TRUE","0","1832","jokowi","Joko Widodo","14215224"
"4","2020-07-20 17:53:13","KbriParamaribo","KBRI Paramaribo","Twitter Web App","Dalam situasi pandemi, bukan investasi yang kita harapkan untuk menggerakkan perekonomian, tapi belanja pemerintah. 

Karena itu, saya meminta para gubernur agar mempercepat belanja pemerintah daerah. Uang pemda yang masih mengendap di bank saat ini masih besar, Rp170 triliun. https://t.co/WNaqd75sLI","140","FALSE","TRUE","0","893","jokowi","Joko Widodo","14215224"
"5","2020-07-20 17:36:25","KbriParamaribo","KBRI Paramaribo","Twitter Web App","Berikut Perkembangan COVID19 di Dunia &amp; Pelindungan WNI per 20/07 pkl 08.00 WIB.

Tambahan WNI terkonfirmasi #COVID19 di <U+0001F1F6><U+0001F1E6>&amp;<U+0001F1EA><U+0001F1EC>, sembuh di <U+0001F1F6><U+0001F1E6>&amp;<U+0001F1EA><U+0001F1EC>. Bbrp WNI tlh plg ke <U+0001F1EE><U+0001F1E9> shg total WNI trkonfirmasi COVID19 di LN adlh 1198: 795 sembuh, 95 meninggal &amp; 308 dlm perawatan.

#IniDiplomasi https://t.co/aZkcKxs3ET","147","FALSE","TRUE","0","21","Kemlu_RI","MoFA Indonesia","183502"
"6","2020-07-20 17:36:23","KbriParamaribo","KBRI Paramaribo","Twitter Web App","Saksikan series Webinar Kemlu RI “Indonesia Muda Untuk Dunia”Eps 2, membahas kisah inspiratif saudara kita dari wilayah timur Indonesia. Ada 5 hadiah menarik utk 5 penanya terbaik! Yuk daftar di bawah ini!
#IniDiplomasi #DemiNKRI
#RintisKemajuan #IndonesiaMuda
#IndonesiaBangkit https://t.co/sothLF4Ym8","140","FALSE","TRUE","0","29","Kemlu_RI","MoFA Indonesia","183502"
"7","2020-07-20 17:36:20","KbriParamaribo","KBRI Paramaribo","Twitter Web App","Berikut Perkembangan COVID19 di Dunia &amp; Pelindungan WNI per 19/07 pkl 08.00 WIB.

Tambahan WNI terkonfirmasi #COVID19 di <U+0001F1F6><U+0001F1E6>&amp;<U+0001F1EA><U+0001F1EC>, serta sembuh di <U+0001F1F6><U+0001F1E6>&amp;<U+0001F1EA><U+0001F1EC>. Total WNI terkonfirmasi COVID19 di luar negeri adalah 1202: 793 sembuh, 95 meninggal &amp; 314 dalam perawatan.

#NegaraMelindungi https://t.co/2jnZQUQWC6","147","FALSE","TRUE","0","26","Kemlu_RI","MoFA Indonesia","183502"
"8","2020-07-17 11:56:00","KbriParamaribo","KBRI Paramaribo","Twitter Web App","Berikut Perkembangan COVID19 di Dunia &amp; Pelindungan WNI per 17/07 pkl 08.00 WIB.

Tambahan WNI sembuh dari #COVID19 di Belgia<U+0001F1E7><U+0001F1EA> &amp; Qatar<U+0001F1F6><U+0001F1E6>. Total WNI terkonfirmasi COVID19 di luar negeri adalah 1197: 782 sembuh, 94 meninggal &amp; 321 dalam perawatan.

#NegaraMelindungi #IniDiplomasi https://t.co/o9BKHdcbt8","144","FALSE","TRUE","0","19","Kemlu_RI","MoFA Indonesia","183502"
"9","2020-07-17 11:55:48","KbriParamaribo","KBRI Paramaribo","Twitter Web App","Today (13/7) RoK Ambassador to RI presented the 2nd batch of support from the Government of RoK to fight the COVID-19 pandemic in Indonesia in the form of KF94 masks equivalent to USD 500 thousands. This cooperation reflects the strength of RI-RoK Special Strategic Partnership. https://t.co/y8mLrKGOiZ","140","FALSE","TRUE","0","23","Kemlu_RI","MoFA Indonesia","183502"
"10","2020-07-17 11:55:37","KbriParamaribo","KBRI Paramaribo","Twitter Web App","2. Foto berikut adalah momen tidak terlupakan saat Indonesia <U+0001F1EE><U+0001F1E9> membatikkan ruang sidang Dewan Keamanan PBB ketika Indonesia menjadi Presiden DK PBB (07/05/2019).

Nah, #SahabatKemlu, post disini dong batik kebanggaanmu!

#BatikDiplomacy #IniDiplomasi https://t.co/CHDBQZ9aOO","139","FALSE","TRUE","0","33","Kemlu_RI","MoFA Indonesia","183502"
"11","2020-07-17 11:55:27","KbriParamaribo","KBRI Paramaribo","Twitter Web App","Berikut Perkembangan COVID-19 di Dunia &amp; Pelindungan WNI per 13/07 pkl 08.00 WIB.

Tambahan WNI terkonfirmasi #COVID19 di <U+0001F1F8><U+0001F1E9>,<U+0001F1E6><U+0001F1EA>,<U+0001F1EA><U+0001F1EC>&amp;<U+0001F1F8><U+0001F1E6>, serta meninggal di <U+0001F1F8><U+0001F1E6>.Total WNI terkonfirmasi COVID-19 di luar negeri adalah 1175: 772 sembuh, 90 meninggal &amp; 313 dalam perawatan.

#IniDiplomasi https://t.co/AgtqykyABl","144","FALSE","TRUE","0","23","Kemlu_RI","MoFA Indonesia","183502"
"12","2020-07-17 11:55:23","KbriParamaribo","KBRI Paramaribo","Twitter Web App","Berikut Perkembangan COVID-19 di Dunia &amp; Pelindungan WNI per 12/07 pkl 08.00 WIB.

Tambahan WNI terkonfirmasi #COVID19 di <U+0001F1F8><U+0001F1E6>&amp;<U+0001F1F6><U+0001F1E6>, sembuh di <U+0001F1F6><U+0001F1E6>, meninggal di <U+0001F1F8><U+0001F1E6>. Total WNI terkonfirmasi COVID19 di luar negeri adalah 1168: 772 sembuh, 89 meninggal &amp; 307 dalam perawatan.#IniDiplomasi https://t.co/MJF79TlhV3","148","FALSE","TRUE","0","21","Kemlu_RI","MoFA Indonesia","183502"
"13","2020-07-17 11:55:14","KbriParamaribo","KBRI Paramaribo","Twitter Web App","Berikut Perkembangan COVID-19 di Dunia &amp; Pelindungan WNI per 10/07 pkl 08.00 WIB.

Terdapat WNI sembuh dari #COVID19 di Korea Selatan <U+0001F1F0><U+0001F1F7>.

Total WNI terkonfirmasi COVID-19 di luar negeri adalah 1158: 769 sembuh, 84 meninggal &amp; 305 dalam perawatan.

#NegarMelindungi #IniDiplomasi https://t.co/pFeqFskz2B","144","FALSE","TRUE","0","22","Kemlu_RI","MoFA Indonesia","183502"
"14","2020-07-17 11:54:56","KbriParamaribo","KBRI Paramaribo","Twitter Web App","Selamat #Indonesia! @UNESCO tetapkan Kaldera Toba sebagai UNESCO Global Geopark pada sidang ke-209 Dewan Eksekutif UNESCO (07/07). Penetapan ini akan tingkatkan perekonomian melalui promosi budaya&amp;penciptaan lapangan kerja sekaligus dorong pemeliharaan lingkungan. #IniDiplomasi https://t.co/r5AzISb1GO","140","FALSE","TRUE","0","154","Kemlu_RI","MoFA Indonesia","183502"
"15","2020-07-02 14:13:23","KbriParamaribo","KBRI Paramaribo","Twitter Web App","Berikut Perkembangan COVID-19 di Dunia &amp; Pelindungan WNI per 02/07 pkl 08.00 WIB.

Tambahan WNI terkonfirmasi #COVID19 di Qatar<U+0001F1F6><U+0001F1E6> &amp; Vietnam<U+0001F1FB><U+0001F1F3>. Total WNI terkonfirmasi COVID19 di luar negeri adalah 1118: 747 sembuh, 77 meninggal dunia dan 294 dalam perawatan.

#NegaraMelindungi https://t.co/bWwwozprnQ","144","FALSE","TRUE","0","19","Kemlu_RI","MoFA Indonesia","183502"
"16","2020-07-02 14:12:35","KbriParamaribo","KBRI Paramaribo","Twitter Web App","Berikut Perkembangan COVID-19 di Dunia &amp; Pelindungan WNI per 30/06 pkl 08.00 WIB.

Tambahan WNI terkonfirmasi #COVID19 di <U+0001F1F0><U+0001F1F7>,<U+0001F1F6><U+0001F1E6>&amp;<U+0001F1F0><U+0001F1FC>, sembuh di <U+0001F1F5><U+0001F1ED>. Total WNI terkonfirmasi COVID-19 di luar negeri adalah 1109: 742 sembuh, 76 meninggal &amp; 291 dalam perawatan.

#NegaraMelindungi https://t.co/SbN3Wq5UFV","144","FALSE","TRUE","0","28","Kemlu_RI","MoFA Indonesia","183502"
"17","2020-07-02 14:12:31","KbriParamaribo","KBRI Paramaribo","Twitter Web App","Berikut Perkembangan COVID-19 di Dunia &amp; Pelindungan WNI per 01/07 pkl 08.00 WIB.

Tambahan WNI terkonfirmasi #COVID19 di <U+0001F1F8><U+0001F1E6>,<U+0001F1E7><U+0001F1E9>,<U+0001F1F0><U+0001F1ED>&amp;<U+0001F1F6><U+0001F1E6>, sembuh di <U+0001F1F8><U+0001F1E6>&amp;<U+0001F1F0><U+0001F1FC>, meninggal di <U+0001F1F8><U+0001F1E6>. Total WNI trkonfirmasi COVID19 di LN adlh 1115: 747 sembuh, 77 meninggal &amp; 291 dlm perawatan.
#NegaraMelindungi https://t.co/RTnZfCkvCA","144","FALSE","TRUE","0","28","Kemlu_RI","MoFA Indonesia","183502"
"18","2020-07-02 14:10:56","KbriParamaribo","KBRI Paramaribo","Twitter Web App","“The issue of Women, Peace, &amp; Security is one of the priorities of Indonesian foreign policy, to establish #SEAWomenPeaceNM later this year, was part of a bigger plan. It is about time that our region has a network of its own” #FMMarsudi
#IndonesianWay https://t.co/qm0fBJjasq","144","FALSE","TRUE","0","48","Kemlu_RI","MoFA Indonesia","183502"
"19","2020-06-29 12:17:06","KbriParamaribo","KBRI Paramaribo","Twitter Web App","Berikut Perkembangan COVID-19 di Dunia &amp; Pelindungan WNI per 29/06 pkl 08.00 WIB.

Tambahan WNI terkonfirmasi #COVID19 di <U+0001F1F6><U+0001F1E6>&amp; Hong Kong (RRT), sembuh di <U+0001F1F6><U+0001F1E6>&amp;<U+0001F1F0><U+0001F1FC>. Total WNI terkonfirmasi COVID19 di luar negeri adalah 1104: 741 sembuh, 76 meninggal &amp; 287 dalam perawatan.#IniDiplomasi https://t.co/k45VxN2wka","148","FALSE","TRUE","0","38","Kemlu_RI","MoFA Indonesia","183502"
"20","2020-06-25 15:44:53","KbriParamaribo","KBRI Paramaribo","Twitter Web App","#SahabatKemlu, informasi terbaru ttng Perlindungan WNI di luar negeri pd saat Pandemik Covid-19, lihat pada laman: https://t.co/NUQl0L9TJO
#Diplomates, for the latest information on Indonesian citizens protection abroad during COVID-19 pandemic, click: https://t.co/NUQl0L9TJO https://t.co/Tr2b2AFZFz","140","FALSE","TRUE","0","57","Kemlu_RI","MoFA Indonesia","183502"
"21","2020-06-25 15:44:39","KbriParamaribo","KBRI Paramaribo","Twitter Web App","Join us #Diplomates! 
MoFA RI proudly supports a Web Seminar themed ""The Role of Women Negotiators and Mediators in the Maintenance of Regional Peace and Security"" on 1-2 July 2020. See the details below!
#IndonesiauntukDunia
#IndonesianWay
#SEAWomenPeaceNM
#IniDiplomasi https://t.co/bCTKiysXxL","140","FALSE","TRUE","0","38","Kemlu_RI","MoFA Indonesia","183502"
"22","2020-06-25 15:44:29","KbriParamaribo","KBRI Paramaribo","Twitter Web App","Berikut Perkembangan COVID-19 di Dunia &amp; Pelindungan WNI per 25/06 pkl 08.00 WIB.

Tambahan WNI terkonfirmasi #COVID19 di <U+0001F1F0><U+0001F1F7>,<U+0001F1F2><U+0001F1FD>,<U+0001F1F6><U+0001F1E6>,<U+0001F1EA><U+0001F1EC>&amp;<U+0001F1F8><U+0001F1E6>, sembuh di <U+0001F1F6><U+0001F1E6>, meninggal di <U+0001F1F8><U+0001F1E6>. Total WNI terkonfirmasi COVID-19 di LN adlh 1099: 726 sembuh, 75 meninggal &amp; 298 dlm perawatan.

#IniDiplomasi https://t.co/H36Xy4ejnv","144","FALSE","TRUE","0","25","Kemlu_RI","MoFA Indonesia","183502"
"23","2020-06-25 15:44:22","KbriParamaribo","KBRI Paramaribo","Twitter Web App","Pada pertemuan Terbuka DK PBB scra virtual yg diprakarsai <U+0001F1EE><U+0001F1E9>,<U+0001F1F9><U+0001F1F3>,<U+0001F1FF><U+0001F1E6> (25/06), #MenluRetno tekankan setiap pihak harus menolak tegas rencana aneksasi Israel terhadap wilayah Palestina <U+0001F1F5><U+0001F1F8> karena bertentangan dgn hukum internasional.

Selengkapnya https://t.co/9D4zwGawAE
#IniDiplomasi https://t.co/srtlPo1SMn","140","FALSE","TRUE","0","34","Kemlu_RI","MoFA Indonesia","183502"
"24","2020-06-25 15:43:39","KbriParamaribo","KBRI Paramaribo","Twitter Web App","Berikut Perkembangan COVID-19 di Dunia &amp; Pelindungan WNI per 24/06 pkl 08.00 WIB.

Tmbhn WNI terkonfirmasi #COVID19 di <U+0001F1F8><U+0001F1E6>,<U+0001F1F0><U+0001F1FC> &amp; ABK, sembuh di <U+0001F1EF><U+0001F1F5>,<U+0001F1F6><U+0001F1E6>,<U+0001F1F0><U+0001F1FC>,<U+0001F1F8><U+0001F1E6> &amp; ABK, serta meninggal di <U+0001F1F8><U+0001F1E6>. Total WNI terkonfirmasi COVID-19 di LN adlh 1094: 724 sembuh, 74 meninggal &amp; 296 dlm perawatan. https://t.co/Z68XyQCj9M","143","FALSE","TRUE","0","25","Kemlu_RI","MoFA Indonesia","183502"
"25","2020-06-23 16:54:19","KbriParamaribo","KBRI Paramaribo","Twitter Web App","Berikut Perkembangan COVID-19 di Dunia &amp; Pelindungan WNI per 23/06 pkl 08.00 WIB.

Tmbhn WNI trknfirmasi #COVID19 di <U+0001F1F8><U+0001F1E6>,<U+0001F1E6><U+0001F1EA>&amp;<U+0001F1F0><U+0001F1FC>, sembuh di <U+0001F1E6><U+0001F1EA>,<U+0001F1F2><U+0001F1FD>,<U+0001F1F6><U+0001F1E6>&amp;<U+0001F1F0><U+0001F1FC>, meninggal di <U+0001F1E6><U+0001F1EA>,<U+0001F1F8><U+0001F1E6>&amp;<U+0001F1F0><U+0001F1FC>. Total WNI trknfirmasi COVID-19 di LN adlh 1087: 713 sembuh, 71 meninggal &amp; 303 dlm perawatan.
#IniDiplomasi https://t.co/sSID1gU3Yt","148","FALSE","TRUE","0","21","Kemlu_RI","MoFA Indonesia","183502"
"26","2020-06-23 16:53:14","KbriParamaribo","KBRI Paramaribo","Twitter Web App","Received a phone call from my good friend FM Yldiz Deborah Pollack-Beighle of Suriname. (17/6)
I thanked FM Yldiz for the excellent cooperation in strengthening bilateral relations between <U+0001F1EE><U+0001F1E9><U+0001F1F8><U+0001F1F7> and wished her best of luck in her future endeavours. https://t.co/IXft0MAnS0","140","FALSE","TRUE","0","17","Menlu_RI","Menteri Luar Negeri Republik Indonesia","40119"
"27","2020-06-23 16:37:57","KbriParamaribo","KBRI Paramaribo","Twitter Web App","I participated in the UNRWA Extraordinary Virtual Ministerial Pledging Conference (23/6) and conveyed Indonesia's commitment to render financial support for Palestine, among others though UNRWA.

""For Indonesia... supporting UNRWA means supporting Palestine"" - Ret https://t.co/iMCghRgzSA","139","FALSE","TRUE","0","29","Menlu_RI","Menteri Luar Negeri Republik Indonesia","40119"
"28","2020-06-02 02:05:23","KbriParamaribo","KBRI Paramaribo","Twitter Web App","Selamat Hari Lahir Pancasila<U+0001F1EE><U+0001F1E9>Bersama mari kita wujudkan cita-cita luhur pendiri bangsa, dengan implementasi nyata nilai Pancasila dalam tindakan melalui gotong royong menuju Indonesia maju!<U+0001F1EE><U+0001F1E9>
#IniDiplomasi #NegaraMelindungi #DemiNKRI #RintisKemajuan #SahabatKemlu #IndonesianWay https://t.co/toHe8G84PE","279","FALSE","FALSE","1","0",NA,NA,NA
"29","2020-05-26 13:53:40","KbriParamaribo","KBRI Paramaribo","Twitter Web App","KBRI Paramaribo menyampaikan bela sungkawa yang mendalam atas wafatnya Duta Besar Suriname untuk Indonesia, Y.M. Bpk. Abas Benz Kono, pada Selasa,26 Mei 2020 di Jakarta. Semoga almarhum mendapatkan tempat terbaik di sisi Tuhan YME &amp; keluarga yang ditinggalkan mendapat ketabahan<U+0001F64F> https://t.co/Utqud88Mvh","283","FALSE","FALSE","0","0",NA,NA,NA
"30","2020-05-25 13:09:17","KbriParamaribo","KBRI Paramaribo","Twitter Web App","Keluarga besar KBRI Paramaribo menghaturkan Selamat Hari Raya Idul Fitri 1441 H kepada seluruh umat Islam yang merayakan. Semoga Allah SWT menerima segala amal ibadah kita semua<U+0001F64F>
#IniDiplomasi #DemiNKRI #RintisKemajuan #SahabatKemlu #IndonesianWay #indonesiauntukDunia #indonesia https://t.co/IiDCc1txgx","279","FALSE","FALSE","1","0",NA,NA,NA
"31","2020-05-06 00:26:39","KbriParamaribo","KBRI Paramaribo","Twitter Web App","KBRI Paramaribo berbelasungkawa yang mendalam atas wafatnya Sdr. Didi Kempot. Kontribusi beliau sangat berharga tak hanya bagi dunia musik tapi juga pengembangan hubungan Indonesia &amp; Suriname. 
Sugeng Tindak Mas Didi, matur kesuwun telah menjadi Duta Budaya Indonesia di Suriname https://t.co/LlZe9GN1k3","283","FALSE","FALSE","68","9",NA,NA,NA
"32","2020-03-26 17:59:23","KbriParamaribo","KBRI Paramaribo","Twitter Web App","Segenap keluarga besar KBRI Paramaribo turut berbelasungkawa atas berpulangnya Ibu Hj. Sudjiatmi Notomihardjo, Ibunda dari Presiden Joko Widodo. Teriring doa semoga almarhumah mendapat tempat yang paling mulia di sisi-Nya. https://t.co/fxnEkRW6UL","222","FALSE","FALSE","1","0",NA,NA,NA
"33","2020-03-11 01:15:13","KbriParamaribo","KBRI Paramaribo","Twitter Web App","Rangkul Distrik Nickerie, KBRI Paramaribo Dorong Kerja Sama Ekonomi dan Sosial Budaya dalam Pertemuan dengan Komisaris Distrik Nickerie, VHJI Nickerie, CEO Perusahaan Beras Manglie dan Ini-Dia Rice (4-6/03/2020)
#IniDiplomasi
#DemiNKRI
#RintisKemajuan
#SahabatKemlu
#IndonesianWay https://t.co/nviYrTK1xO","280","FALSE","FALSE","1","0",NA,NA,NA
"34","2020-02-12 03:37:49","KbriParamaribo","KBRI Paramaribo","Twitter Web App","Kenali dan lindungi diri dari Novel Coronavirus (2019-nCoV)

#IniDiplomasi
#NegaraMelindungi
#DemiNKRI
#RintisKemajuan
#SahabatKemlu
#IndonesianWay https://t.co/3UeLoyaUd2","147","FALSE","FALSE","2","0",NA,NA,NA
"35","2020-02-12 02:52:28","KbriParamaribo","KBRI Paramaribo","Twitter Web App","Peringatan HUT ke-10 Ikatan Alumni Kursus Bahasa Jawa (IKA-KBJ) KBRI Paramaribo--Terima kasih kepada para alumni peserta kursus atas kontribusinya dalam pelestarian bahasa Jawa di Suriname<U+0001F64F>
#IniDiplomasi
#DemiNKRI
#RintisKemajuan
#SahabatKemlu
#IndonesianWay https://t.co/puAszHpGej","258","FALSE","FALSE","2","0",NA,NA,NA
"36","2020-02-03 01:17:55","KbriParamaribo","KBRI Paramaribo","Twitter Web App","KBRI Paramaribo promosikan pariwisata, perdagangan,&amp;beasiswa pada Diplomatic Fair yang diadakan Kemlu Guyana dalam rangka Peringatan Hari Republik Guyana ke-50 di D’Urban Park, Georgetown, Guyana (31/01/2020)
#inidiplomasi #demiNKRI # RintisKemajuan #SahabatKemlu #IndonesianWay https://t.co/VYlaVpa5ff","282","FALSE","FALSE","1","0",NA,NA,NA
"37","2020-01-27 01:50:42","KbriParamaribo","KBRI Paramaribo","Twitter Web App","https://t.co/3vwaCqPuPS","0","FALSE","FALSE","1","0",NA,NA,NA
"38","2020-01-27 01:50:12","KbriParamaribo","KBRI Paramaribo","Twitter Web App","https://t.co/XxSPX3ddEL","0","FALSE","FALSE","1","0",NA,NA,NA
"39","2020-01-27 01:50:10","KbriParamaribo","KBRI Paramaribo","Twitter Web App","Semangat generasi muda Suriname belajar menari di Sanggar Tari KBRI Paramaribo
#IniDiplomasi
#DemiNKRI
#RintisKemajuan
#SahabatKemlu
#IndonesianWay https://t.co/qEuKqOLQPH","147","FALSE","FALSE","3","1",NA,NA,NA
"40","2020-01-20 00:44:33","KbriParamaribo","KBRI Paramaribo","Twitter Web App","Penutupan Kursus Bahasa Indonesia dan Kursus Bahasa Jawa Periode 2019 &amp; Pembukaan Kursus Bahasa Indonesia dan Bahasa Jawa Periode 2020 oleh Duta Besar RI, Bapak @JulangPujianto
KBRI Paramaribo, 18 Januari 2020
#IniDiplomasi
#DemiNKRI
#RintisKemajuan
#SahabatKemlu
#IndonesianWay https://t.co/8a56hmRHWL","282","FALSE","FALSE","0","0",NA,NA,NA
"41","2020-01-08 18:23:40","KbriParamaribo","KBRI Paramaribo","Twitter Web App","“Diplomasi Indonesia berdiri tegak, bermartabat memperjuangkan kepentingan nasional &amp; berkontribusi bagi perdamaian &amp; stabilitas dunia,"" tegas Menlu Retno Marsudi pada Pernyataan Pers Tahunan Menlu
https://t.co/y3hx4tHonZ
#Diplomacy4PeaceAndProsperity 
 #Diplomacy4U
#PPTM2020 https://t.co/JSycWBtCcf","284","FALSE","FALSE","2","0",NA,NA,NA
"42","2020-01-08 18:14:12","KbriParamaribo","KBRI Paramaribo","Twitter Web App","Indonesia wishes to be at the forefront of efforts to promote mutually beneficial collaboration in the world – Ret.

This morning I conveyed the annual press statement of Indonesia’s Foreign Policy at the Ministry of Foreign Affairs (08/01) https://t.co/rVeGNcEI7x","140","FALSE","TRUE","0","61","Menlu_RI","Menteri Luar Negeri Republik Indonesia","40119"
"43","2020-01-08 18:10:49","KbriParamaribo","KBRI Paramaribo","Facebook","“Diplomasi Indonesia berdiri tegak, bermartabat memperjuangkan kepentingan nasional dan berkontribusi bagi perdamaian dan stabilitas dunia,"" tegas Menteri Luar Negeri Retno Marsudi pada Pernyataan Pers Tahunan... https://t.co/CyGGIzbpTo","236","FALSE","FALSE","1","0",NA,NA,NA
"44","2019-12-29 21:07:58","KbriParamaribo","KBRI Paramaribo","Facebook","HERONDEK JE ROOTS!
LAAT DE TAAL VAN JE VOOROUDERS NIET VERLOREN GAAN!

Door mee te doen aan de cursus ‘basa Jawa” kom je veel nieuwe dingen te weten over de Javaanse taal en cultuur (kebudajan Jawa).
Er gaat... https://t.co/ziiZQVjSQI","234","FALSE","FALSE","0","0",NA,NA,NA
"45","2019-11-12 21:33:38","KbriParamaribo","KBRI Paramaribo","Twitter Web App","Upacara Peringatan Hari Pahlawan 2019 di KBRI Paramaribo
“Selama banteng-banteng Indonesia masih mempunyai darah merah yang dapat membikin secarik kain merah dan putih, maka selama itu kita tidak akan mau menyerah kepada siapapun”-Bung Tomo
#AkuPahlawanMasaKini
#hariPahlawan2019 https://t.co/bONctYSNek","279","FALSE","FALSE","0","0",NA,NA,NA
"46","2019-11-04 20:47:50","KbriParamaribo","KBRI Paramaribo","Twitter Web App","Sosialisasi Portal Peduli WNI dan Penerbitan Dokumen Imigrasi KBRI Paramaribo, di Hotel Torarica, Paramaribo, 3 November 2019 https://t.co/7BRw9GxckQ","125","FALSE","FALSE","0","0",NA,NA,NA
"47","2019-11-04 20:45:24","KbriParamaribo","KBRI Paramaribo","Twitter Web App","Anugerah Kebudayaan 2019 Kategori Perorangan Asing dari Pemerintah RI, c.q. Kementerian Pendidikan &amp; Kebudayaan, diberikan kepada Bpk Roesman Darmohoetomo sebagai apresiasi atas peran aktif beliau dalam mengembangkan&amp;memajukan pengajaran Bahasa Jawa &amp; Bahasa Indonesia di Suriname https://t.co/84LJQYzCur","292","FALSE","FALSE","0","0",NA,NA,NA
"48","2019-09-04 14:47:57","KbriParamaribo","KBRI Paramaribo","Twitter Web App","Resepsi Diplomatik HUT RI ke-74 di Paramaribo, Suriname, yang dihadiri oleh Wapres Suriname; pejabat pemerintah Suriname a.l: Menlu, Mennaker, Panglima Angkatan Bersenjata, Gubernur Bank Central; korps diplomatik, pengusaha, Friends of Indonesia, &amp; tokoh masyarakat. (30/08/2019) https://t.co/CtRIEyt7tp","283","FALSE","FALSE","1","0",NA,NA,NA
"49","2019-09-04 14:35:40","KbriParamaribo","KBRI Paramaribo","Facebook","Resepsi Diplomatik dalam rangka Peringatan Hari Ulang Tahun Ke-74 Kemerdekaan RI di Paramaribo, Suriname, 30 Agustus 2019 yang dihadiri oleh Wakil Presiden Suriname sebagai Tamu Kehormatan; para pejabat... https://t.co/glYZyieBZv","229","FALSE","FALSE","0","0",NA,NA,NA
"50","2019-08-26 01:03:21","KbriParamaribo","KBRI Paramaribo","Twitter Web App","Kunjungan Muhibah Delegasi Dewan Perwakilan Rakyat Republik Indonesia (DPR-RI) yang dipimpin oleh Wakil Ketua DPR-RI, Bapak Utut Adianto, ke Republik Suriname pada tanggal 18-22 Agustus 2019. https://t.co/KhNWUUJns9","191","FALSE","FALSE","1","0",NA,NA,NA
"51","2019-08-17 23:37:02","KbriParamaribo","KBRI Paramaribo","Twitter Web App","Dirgahayu Republik Indonesia! https://t.co/kKtHmQlhRi","29","FALSE","FALSE","1","0",NA,NA,NA
"52","2019-08-17 23:34:29","KbriParamaribo","KBRI Paramaribo","Twitter Web App","Peringatan Hari Ulang Tahun ke-74 Kemerdekaan Republik Indonesia di Wisma Duta RI Paramaribo, 17 Agustus 2019. Dirgahayu Republik Indonesia! https://t.co/dkNU4hUvlf","140","FALSE","FALSE","1","0",NA,NA,NA
"53","2019-08-06 23:15:26","KbriParamaribo","KBRI Paramaribo","Facebook","Silaturahmi Perhimpunan Islam Wali Songo (PIWS) dan Persarekatan Jamaah Islamiya Suriname (PJIS) di KBRI Paramaribo, 6 dan 7 Agustus 2019","137","FALSE","FALSE","1","0",NA,NA,NA
"54","2019-07-30 22:37:10","KbriParamaribo","KBRI Paramaribo","Twitter Web App","Bhinneka Tunggal Ika dalam Indonesian Day for Charity 2019 (Paramaribo, 28 Juli 2019) https://t.co/aBfPHHq6ln","85","FALSE","FALSE","1","0",NA,NA,NA
"55","2019-07-18 03:58:49","KbriParamaribo","KBRI Paramaribo","Facebook","Inna lillahi wa inna ilaihi raji'un. Telah berpulang ke rahmatullah Ibu Sarinah Pujianto, istri Duta Besar LBBP RI untuk Suriname. Semoga  almarhumah mendapat tempat yang mulia di sisi Allah SWT  dan kepada keluarga yang ditinggalkan diberi ketabahan.","251","FALSE","FALSE","0","0",NA,NA,NA
"56","2019-07-18 03:57:17","KbriParamaribo","KBRI Paramaribo","Facebook","Inna lillahi wa inna ilaihi raji'un. 
Telah berpulang ke rahmatullah Ibu Sarinah Pujianto, istri Duta Besar LBBP RI untuk Suriname. 
Semoga  almarhumah mendapat tempat yang mulia di sisi Allah SWT dan kepada keluarga yang ditinggalkan diberi ketabahan. Aamiin YRA<U+0001F64F>","264","FALSE","FALSE","1","1",NA,NA,NA
"57","2019-06-01 09:54:39","KbriParamaribo","KBRI Paramaribo","Facebook","Segenap keluarga besar KBRI Paramaribo turut berduka cita atas wafatnya Ibu Ani Yudhoyono.
Semoga almarhumah mendapat tempat yang mulia di sisi Tuhan Yang Maha Esa dan keluarga yang ditinggalkan mendapat ketabahan.","214","FALSE","FALSE","0","0",NA,NA,NA
"58","2019-06-01 09:49:42","KbriParamaribo","KBRI Paramaribo","Twitter Web Client","Innalilahi wa innailaihi rojiun, turut berduka cita atas wafatnya Ibu Ani Yudhoyono.
Kami mendoakan dari tanah suci Mekkah, semoga almarhumah khusnul khotimah.

Semoga Bapak @SBYudhoyono beserta keluarga besar senantiasa diberikan kesabaran dan ketabahan.","140","FALSE","TRUE","0","179","Menlu_RI","Menteri Luar Negeri Republik Indonesia","40119"
"59","2019-05-30 13:03:51","KbriParamaribo","KBRI Paramaribo","Twitter Web Client","Duta Besar LBBP Republik Indonesia, Bapak Julang Pujianto, menyerahkan Surat-Surat Kepercayaan kepada Presiden Republik Kooperatif Guyana, Y.M Brigadir David Arthur Granger, pada hari Rabu, 29 Mei 2019 di Gedung Kepresidenan, Georgetown, Guyana. https://t.co/qYtoJ5pTTX","245","FALSE","FALSE","1","0",NA,NA,NA
"60","2019-05-23 20:52:23","KbriParamaribo","KBRI Paramaribo","Twitter Web Client","Kunjungan Kerja Menteri Luar Negeri Republik Indonesia, Ibu Retno L.P. Marsudi, ke Republik Suriname, 19-21 Mei 2019

Berita selengkapnya: https://t.co/GAbn2g94oo https://t.co/AszL44rqbO","162","FALSE","FALSE","1","0",NA,NA,NA
"61","2019-05-20 14:13:05","KbriParamaribo","KBRI Paramaribo","Twitter Web Client","Arrived in Paramaribo this afternoon. The first full fledged bilateral visit by Indonesian Foreign Minister to Suriname in 26 years (19/05)

Looking forward to my bilateral meeting with FM Yldiz Pollack-Beighle tomorrow morning. https://t.co/E40jNuKTOA","140","FALSE","TRUE","0","44","Menlu_RI","Menteri Luar Negeri Republik Indonesia","40119"
"62","2019-05-10 02:41:38","KbriParamaribo","KBRI Paramaribo","Facebook","Live Streaming
Opening and Inauguration Ceremony of Indonesian Arts and Culture Scholarship 2019

https://t.co/nz44dbKNG4 https://t.co/nz44dbKNG4","145","FALSE","FALSE","1","0",NA,NA,NA
"63","2019-04-19 22:36:50","KbriParamaribo","KBRI Paramaribo","Twitter Web Client","Pada Rabu,17 April 2019  di KBRI Paramaribo telah dilakukan penghitungan suara Pemilu 2019. Kegiatan berjalan tertib&amp;aman dengan dihadiri oleh Dubes RI, Bapak Julang Pujianto, serta WNI setempat yang antusias menyaksikan proses penghitungan.

Selengkapnya https://t.co/2bCkBWL1X5 https://t.co/hviZsga29y","283","FALSE","FALSE","2","0",NA,NA,NA
"64","2019-04-18 22:38:04","KbriParamaribo","KBRI Paramaribo","Facebook","PRESS RELEASE PENGHITUNGAN SUARA PEMILU 2019
WILAYAH REPUBLIK SURINAME DAN REPUBLIK KOOPERATIF GUYANA-PANITIA PEMILIHAN LUAR NEGERI (PPLN) PARAMARIBO

Sebagai tindak lanjut Pemungutan Suara Pemilu 2019 bagi... https://t.co/L62ESWJhUy","233","FALSE","FALSE","0","0",NA,NA,NA
"65","2019-04-17 13:05:55","KbriParamaribo","KBRI Paramaribo","Facebook","Penghitungan Suara Legislatif Daerah Pemilihan II Jakarta https://t.co/IEbFW4SKe9","81","FALSE","FALSE","0","0",NA,NA,NA
"66","2019-04-17 11:56:46","KbriParamaribo","KBRI Paramaribo","Facebook","Penghitungan Suara Pemilu 2019 di Kbri Paramaribo https://t.co/xJlSfdEomZ","73","FALSE","FALSE","0","0",NA,NA,NA
"67","2019-04-15 14:28:09","KbriParamaribo","KBRI Paramaribo","Twitter Web Client","Pesta Demokrasi Warga Negara Indonesia pada Pemilu 2019 di Suriname dan Guyana, 8-14 April 2019 https://t.co/ERS5dnfqbp","95","FALSE","FALSE","0","0",NA,NA,NA
"68","2019-04-15 13:38:00","KbriParamaribo","KBRI Paramaribo","Facebook","Pesta Demokrasi Warga Negara Indonesia pada Pemilu 2019 di Suriname dan Guyana, 8-14 April 2019

Indonesian citizens in Suriname and Guyana cast their votes in the General Elections on 8-14 April 2019 https://t.co/p1RfplJJ1s","224","FALSE","FALSE","0","0",NA,NA,NA
"69","2019-04-11 17:15:56","KbriParamaribo","KBRI Paramaribo","Twitter Web Client","Duta Besar LBBP RI untuk Republik Suriname, Bapak Julang Pujianto, menyerahkan Surat-Surat Kepercayaan kepada Presiden Republik Suriname, Y.M. Desiré Delano Bouterse, pada hari Rabu, 10 April 2019 di Istana Kepresidenan, Paramaribo, Suriname. https://t.co/iaGDRm67Hy","242","FALSE","FALSE","2","0",NA,NA,NA
"70","2019-04-04 21:31:07","KbriParamaribo","KBRI Paramaribo","Twitter Web Client","Dubes RI, Bapak Julang Pujianto, mengadakan pertemuan dengan Panitia Pemilihan Luar Negeri (PPLN) &amp; Kelompok Penyelenggara Pemungutan Suara Luar Negeri (KPPSLN) Paramaribo pada 4 April 2019 di KBRI Paramaribo dalam rangka persiapan penyelenggaraan Pemilu 2019 di Suriname &amp; Guyana https://t.co/gwQQ7ZER91","288","FALSE","FALSE","2","0",NA,NA,NA
"71","2019-04-02 22:09:20","KbriParamaribo","KBRI Paramaribo","Twitter Web Client","Berita selengkapnya di https://t.co/FbrbzvMLo5 https://t.co/ZGtcKGu9oj","46","FALSE","FALSE","2","0",NA,NA,NA
"72","2019-04-02 20:59:34","KbriParamaribo","KBRI Paramaribo","Facebook","Pusat Pendidikan dan Pelatihan (Pusdiklat) Kementerian Luar Negeri RI Berbagi Pengalaman Pendidikan dan Pelatihan Diplomatik dengan Suriname Diplomatic Institute (SDI), Paramaribo, 25-28 Maret 2019

Berita... https://t.co/hFAw1a7HiI","232","FALSE","FALSE","3","0",NA,NA,NA
"73","2019-03-27 13:25:50","KbriParamaribo","KBRI Paramaribo","Facebook","Kemitraan Negara Berkembang (KNB) Scholarship-Call for Application!

For further information, please visit https://t.co/0VAvlOop5H

and contact the Indonesian Embassy in Paramaribo at Van Brussellaan No. 3, Uitvlugt, Paramaribo
Tel:... https://t.co/0VAvlOop5H","259","FALSE","FALSE","0","0",NA,NA,NA
"74","2019-03-15 17:27:34","KbriParamaribo","KBRI Paramaribo","Twitter Web Client","Indonesia stands beside New Zealand in this time of extreme grief.","80","FALSE","TRUE","0","203","Menlu_RI","Menteri Luar Negeri Republik Indonesia","40119"
"75","2019-03-15 17:27:27","KbriParamaribo","KBRI Paramaribo","Twitter Web Client","Our thoughts and prayers go out to the victims, their families and friends affected by the horrific and unprecedented shooting, including the 2 Indonesian citizens injured in the incident.

There is no place for such acts in New Zealand or anywhere else in the world.","140","FALSE","TRUE","0","287","Menlu_RI","Menteri Luar Negeri Republik Indonesia","40119"
"76","2019-03-15 17:27:18","KbriParamaribo","KBRI Paramaribo","Twitter Web Client","Indonesia strongly condemns the shooting and terror act that took place in two Mosques in Christchurch, New Zealand this afternoon (15/03)","140","FALSE","TRUE","0","764","Menlu_RI","Menteri Luar Negeri Republik Indonesia","40119"
"77","2019-01-10 16:02:12","KbriParamaribo","KBRI Paramaribo","Twitter Web Client","Kemlu kembali menggelar pameran capaian diplomasi Indonesia di Kantor Kemlu, 8-10 Januari 2019. 

Selain membuka pameran, hari ini saya juga meluncurkan Kemlu-chat, sarana komunikasi internal untuk mendukung misi secara aman. https://t.co/BcxbMIQc92","140","FALSE","TRUE","0","65","Menlu_RI","Menteri Luar Negeri Republik Indonesia","40119"
"78","2019-01-09 21:14:52","KbriParamaribo","KBRI Paramaribo","Twitter Web Client","The Foreign Minister, Retno LP Marsudi, in her  Annual Press Statement of the Minister for Foreign Affairs of the Republic of Indonesia at the Ministry of Foreign Affairs Office, Jakarta (9/1/2019) https://t.co/YOr34JSMei","197","TRUE","FALSE","0","0",NA,NA,NA
"79","2018-10-26 23:31:28","KbriParamaribo","KBRI Paramaribo","Facebook","The Surinamese delegation participated in the Indonesia-Caribbean Community (CARICOM) Economic Seminar held on 25 October 2018 in Tangerang, Indonesia.

Among the discussants were the Ambassador of the Republic... https://t.co/YHfXeCPnYv","237","FALSE","FALSE","0","0",NA,NA,NA
"80","2018-09-29 18:48:18","KbriParamaribo","KBRI Paramaribo","Twitter Web Client","Signed an “Agreement on Visa Exemption for Diplomatic and Service Passport Holders between Indonesia - Guyana” with the Vice President/Foreign Minister of Guyana @UNHQ #UNGA73 https://t.co/Kqr7tBxBNx","139","FALSE","TRUE","0","13","Menlu_RI","Menteri Luar Negeri Republik Indonesia","40119"
"81","2018-09-29 03:01:21","KbriParamaribo","KBRI Paramaribo","Twitter Web Client","Good meeting with FM Yldiz Deborah Pollack-Beighle of Suriname on the sidelines of the #UNGA 73, NY. Minister Beighle will attend the 11th Bali Democracy Forum, 6-7 December 2018 https://t.co/c9PiasXp9d","140","FALSE","TRUE","0","11","Menlu_RI","Menteri Luar Negeri Republik Indonesia","40119"
"82","2018-09-21 12:56:53","KbriParamaribo","KBRI Paramaribo","Twitter Web Client","REVITALISASI KERJA SAMA INDONESIA DAN SURINAME MELALUI SIDANG KOMISI BERSAMA KE-5 https://t.co/7XPGJMH4cp","81","FALSE","FALSE","3","2",NA,NA,NA
"83","2018-08-07 22:38:59","KbriParamaribo","KBRI Paramaribo","Twitter Web App","Duta Besar RI di Paramaribo buka pameran seni bertajuk ""Campuran"" karya 14 seniman keturunan Jawa dalam rangka 128 tahun imigrasi orang-orang Jawa yang diperingati pada 9 Agustus 2018. Pameran berlangsung di Gedung De Hal, Paramaribo,  tanggal 6-8  Agustus 2018 https://t.co/5yU1IDqciP","261","FALSE","FALSE","1","1",NA,NA,NA
"84","2018-08-02 11:33:05","KbriParamaribo","KBRI Paramaribo","Twitter Web Client","""Dubes RI Paramaribo memperkenalkan kedua seniman ukiran kayu dan kloso asal Jawa Tengah yang akan memberikan pelatihan selama 3 bulan di Kementerian Pendidikan, Ilmu Pengetahuan dan Kebudayaan Suriname"" https://t.co/1vWAE8DzXN","203","FALSE","FALSE","3","3",NA,NA,NA
"85","2018-06-09 17:57:39","KbriParamaribo","KBRI Paramaribo","Twitter Web Client","Terpilihnya Indonesia merupakan hasil kerja keras seluruh komponen bangsa dan para Diplomat Indonesia. 

#Indonesia4UNSC 
(photo by UN Photo/Manuel Elias) https://t.co/VYFT6QGGxi","140","FALSE","TRUE","0","389","Menlu_RI","Menteri Luar Negeri Republik Indonesia","40119"
"86","2018-06-09 17:57:23","KbriParamaribo","KBRI Paramaribo","Twitter Web Client","Indonesia peroleh 144 suara dari jumlah keseluruhan 190 negara anggota PBB yang hadir.

Ini adalah amanah dan pengakuan masyarakat internasional kepada  Indonesia.","140","FALSE","TRUE","0","288","Menlu_RI","Menteri Luar Negeri Republik Indonesia","40119"
"87","2018-06-09 17:57:08","KbriParamaribo","KBRI Paramaribo","Twitter Web Client","Alhamdulillah…. Sidang Majelis Umum PBB menetapkan Indonesia sebagai anggota tidak tetap Dewan Keamanan PBB periode 2019-2020 mewakili Asia-Pasifik. https://t.co/eb0zNTtajw","140","FALSE","TRUE","0","1619","Menlu_RI","Menteri Luar Negeri Republik Indonesia","40119"
"88","2018-06-08 18:42:40","KbriParamaribo","KBRI Paramaribo","Twitter Web Client","Alhamdulillah, Indonesia terpilih menjadi anggota tidak tetap Dewan Keamanan PBB. Kita akan berperan melaksanakan ketertiban dunia yang berdasarkan kemerdekaan, perdamaian abadi dan keadilan sosial -Jkw","140","FALSE","TRUE","0","11282","jokowi","Joko Widodo","14215224"
"89","2018-05-21 15:29:01","KbriParamaribo","KBRI Paramaribo","Twitter Web Client","Indonesia sekarang memegang status sebagai negara ketiga yang terakreditasi untuk CARICOM.

Indonesia berkomitmen untuk memperkuat kerja sama dengan negara-negara CARICOM. https://t.co/TVYm94tUSO","140","FALSE","TRUE","0","14","Menlu_RI","Menteri Luar Negeri Republik Indonesia","40119"
"90","2018-05-21 15:28:35","KbriParamaribo","KBRI Paramaribo","Twitter Web Client","Ini adalah pertemuan pertama antara Menteri Luar Negeri Indonesia dan Sekretaris Jenderal CARICOM. https://t.co/LuhI9rVjmR","136","FALSE","TRUE","0","14","Menlu_RI","Menteri Luar Negeri Republik Indonesia","40119"
"91","2018-05-21 15:27:55","KbriParamaribo","KBRI Paramaribo","Twitter Web Client","Saya bertemu dengan Sekretaris Jenderal Masyarakat Karibia (CARICOM) di Georgetown, Guyana (18/05) https://t.co/2sqxGTFfNP","136","FALSE","TRUE","0","15","Menlu_RI","Menteri Luar Negeri Republik Indonesia","40119"
"92","2018-05-21 15:27:18","KbriParamaribo","KBRI Paramaribo","Twitter Web Client","Indonesia now holds the status as the third country accredited to CARICOM

Indonesia is committed to strengthen cooperation with CARICOM countries https://t.co/6LqFAiJJ2V","140","FALSE","TRUE","0","21","Menlu_RI","Menteri Luar Negeri Republik Indonesia","40119"
"93","2018-05-21 15:27:02","KbriParamaribo","KBRI Paramaribo","Twitter Web Client","I met the Secretary General of Caribbean Community (CARICOM) in Georgetown, Guyana (18/05). https://t.co/kXoJppqfGn","129","FALSE","TRUE","0","20","Menlu_RI","Menteri Luar Negeri Republik Indonesia","40119"
"94","2018-05-21 15:26:44","KbriParamaribo","KBRI Paramaribo","Twitter Web Client","This was the first ever meeting between Indonesian Foreign Minister of Indonesia and Secretary General of CARICOM. https://t.co/w3r0btLBhw","140","FALSE","TRUE","0","15","Menlu_RI","Menteri Luar Negeri Republik Indonesia","40119"
"95","2018-05-18 22:11:55","KbriParamaribo","KBRI Paramaribo","Twitter Web App","We also agreed to finalise the draft MOU on visa free for diplomatic and service passport holders. 

Guyana has already granted visa free facility for ordinary passport holders. https://t.co/gZwEkxlg6s","140","FALSE","TRUE","0","15","Menlu_RI","Menteri Luar Negeri Republik Indonesia","40119"
"96","2018-05-18 22:11:35","KbriParamaribo","KBRI Paramaribo","Twitter Web App","After meeting the President, I met the Foreign Minister of Guyana, H.E Carl B Greenidge (18/5). https://t.co/cHlcGiLiY6","133","FALSE","TRUE","0","11","Menlu_RI","Menteri Luar Negeri Republik Indonesia","40119"
"97","2018-05-18 22:11:23","KbriParamaribo","KBRI Paramaribo","Twitter Web App","Underlined Indonesia's commitment to enhance cooperation, particularly in the field of energy, environment and technical cooperation.

Guyana invites Indonesia to invest in furniture, fisheries sector and sugar industry. https://t.co/SErrU83GiI","140","FALSE","TRUE","0","17","Menlu_RI","Menteri Luar Negeri Republik Indonesia","40119"
"98","2018-05-18 22:11:01","KbriParamaribo","KBRI Paramaribo","Twitter Web App","Arrived in Georgetown, Guyana this morning and had a courtesy call with President David Arthur Granger of Guyana (18/5). https://t.co/DBBzzDUctl","140","FALSE","TRUE","0","30","Menlu_RI","Menteri Luar Negeri Republik Indonesia","40119"
"99","2018-05-14 12:10:22","KbriParamaribo","KBRI Paramaribo","Twitter Web Client","Duka cita yang dalam kepada korban dan keluarga korban bom di Surabaya. 

#BersatuLawanTerorisme
#KitaTidakTakut","126","FALSE","TRUE","0","310","Menlu_RI","Menteri Luar Negeri Republik Indonesia","40119"
"100","2018-05-05 11:45:42","KbriParamaribo","KBRI Paramaribo","Twitter Web Client","Dubes Dominicus Supratikto serahkan Kredensial kepada Sekjen CARICOM pada 2 Mei 2018. Selain penyerahan Kredensial, dalam kunjungan ke Guyana Dubes RI juga lakukan pertemuan dengan Kemlu Guyana, para pebisnis setempat dan WNI di Guyana untuk pendataan pemilih Pemilu 2019 https://t.co/HBOOMEI3W8","271","FALSE","FALSE","2","1",NA,NA,NA
"101","2018-05-05 11:02:54","KbriParamaribo","KBRI Paramaribo","Twitter Web Client","Indonesian Day 2018 pada tanggal 29 April 2018 ramai dipadati pengunjung yang ingin melihat pertunjukan dan belanja produk-produk dan kuliner Indonesia. Bazaar tersebut juga dihadiri oleh Ibu Negara Suriname dan 4 Menteri Suriname. https://t.co/Kfj2EqEzFA","231","FALSE","FALSE","5","2",NA,NA,NA
"102","2018-04-24 14:53:25","KbriParamaribo","KBRI Paramaribo","Twitter Web Client","Indonesian day for Charity on Sunday, 29 April 2018 at the Indonesian Embassy, Paramaribo https://t.co/qYnrrRNIHO","89","FALSE","FALSE","2","1",NA,NA,NA
"103","2018-04-24 14:49:46","KbriParamaribo","KBRI Paramaribo","Twitter Web Client","pertunjukan kolaborasi musik rock dan gamelan dengan penampilan spesial band dari Indonesia “Gafarock”. Tempat di Sana Budaya, Sabtu 28 April 2018 mulai jam 8 malam https://t.co/06jtR0o7J7","164","FALSE","FALSE","3","1",NA,NA,NA
"104","2018-04-18 19:28:48","KbriParamaribo","KBRI Paramaribo","Twitter Web Client","https://t.co/ulxuETGgOu","23","FALSE","FALSE","1","0",NA,NA,NA
"105","2018-04-11 13:17:54","KbriParamaribo","KBRI Paramaribo","Twitter Web Client","https://t.co/iqDynKzAGb","23","FALSE","FALSE","1","0",NA,NA,NA
"106","2018-04-09 19:58:20","KbriParamaribo","KBRI Paramaribo","Twitter Web Client","https://t.co/WzJov2jgkq","23","FALSE","FALSE","2","1",NA,NA,NA
